tweet_id,created,tweet,location,Hashtags
951269875514830848,2018-10-15 22:14:23,Coochie overrated give me eternal atake and yandhi,"Florida, USA",[]
3271540051,2018-10-15 22:12:03,Kanye is gonna drop fire with Yandhi and i‚Äôm gonna forget about everything he‚Äôs said and done,,[]
1029161899135447040,2018-10-15 22:08:02,@ThisIsNinoBlu This is direct reference to Yandhi right? lol,,[]
154240011,2018-10-15 22:06:47,@TrelloDeLaGetto YANDHI - 11/23.,Baltimore,[]
1006804156924006401,2018-10-15 21:52:26,"@kanyewest drop yandhi, no balls","Kansas, USA",[]
441796984,2018-10-15 21:29:29,Yandhi about to feature Donald Trump nbs https://t.co/ELGhznNYBQ,,[]
117457565,2018-10-15 21:25:35,"@Masiya_Mabaso @Genius @PapiZwane @sabza007 Last I checked he was taking meds, so I think he does. But he‚Äôs gone fr‚Ä¶ https://t.co/NghbHCDaqC","Newcastle, KZN, South Africa",[]
29061025,2018-10-15 21:16:38,‚ÄúYandhi‚Äù hey.. https://t.co/PzUzPVyxr3,,[]
1137751327,2018-10-15 21:14:21,"If this is a YANDHI listening session, THANK YOU YE üî•üî• https://t.co/x4Twv2Jcp3",,[]
1006256096,2018-10-15 21:13:18,"@CathNalule Don't be shocked if there's a full song titled ""kanyesigye"" on Yandhi https://t.co/ZOaSExE8HR",Uganda,[]
2358458547,2018-10-15 21:11:17,"About #Ye or #KanyeWest...
https://t.co/pkgvni1qAA","Paris, France","[{'text': 'Ye', 'indices': [6, 9]}, {'text': 'KanyeWest', 'indices': [13, 23]}]"
945756343,2018-10-15 21:07:10,YANDHI album of the year fr https://t.co/fq6CYAVH8m,Gwinnett,[]
1143766556,2018-10-15 21:06:45,@PoeticCrime @waltersobchak01 @kanyewest Is this Yandhi?,,[]
3233577634,2018-10-15 21:05:14,"*Laughs in Yandhi, Room 25, Ye and KSG* https://t.co/JTwI1qTRez",eating jollof rice,[]
2543641769,2018-10-15 21:04:09,I liked a @YouTube video https://t.co/iX2EbBXE93 Kanye West Says 'Yandhi' Album Is Delayed So He Can Record in Africa | TMZ,,[]
713048111,2018-10-15 21:01:30,yandhi deadass never came out,f4,[]
992888799637196802,2018-10-15 20:56:41,@HasanAsheed_ I mean I listened to Ye and kids see ghosts that's it I probably it got me no yandhi,"Tallahassee, FL",[]
1040772239606538240,2018-10-15 20:54:05,yandhi is gonna be better than every eminem album,,[]
19063323,2018-10-15 20:40:03,Kanye West meets with the President of Uganda and gives him a pair of Yeezys https://t.co/3eZn4kWxba https://t.co/CktaMyq88e,London,[]
2368167096,2018-10-15 20:33:53,"Don‚Äôt tread on #Kanye
.
.

 #Ye #Yeezy #Yandhi #tcot #maga https://t.co/NDhycaepAo",Snarkin' Coast to Coast ,"[{'text': 'Kanye', 'indices': [15, 21]}, {'text': 'Ye', 'indices': [28, 31]}, {'text': 'Yeezy', 'indices': [32, 38]}, {'text': 'Yandhi', 'indices': [39, 46]}, {'text': 'tcot', 'indices': [47, 52]}, {'text': 'maga', 'indices': [53, 58]}]"
265451494,2018-10-15 20:32:26,I think Yandhi is going to be the last straw. If it‚Äôs Kanye doing what he does and putting it all in the music then‚Ä¶ https://t.co/TaWUzyFuhL,"New Bedford, MA",[]
16259251,2018-10-15 20:30:28,"Like he previously promised, Kanye is currently in Africa to work on his upcoming album, Yandhi.
https://t.co/e0zixFqm9m",,[]
24831839,2018-10-15 20:28:26,"Yeezy, Yeezus, Yandhi  #Rejected2018BabyNames https://t.co/W8WGMEAt3n",,"[{'text': 'Rejected2018BabyNames', 'indices': [23, 45]}]"
924588139,2018-10-15 20:25:39,@Am_Blujay I wonder what you gona say about Yandhi,"Gauteng, South Africa",[]
1020818737430171648,2018-10-15 20:23:51,"@Yzak_G @alanavsn Anyway ,yandhi coming out soon","Puerto Rico, USA",[]
743170398154416129,2018-10-15 20:04:18,Kanye West Is In Uganda Finishing His Album And People Are Mostly Stoked About It https://t.co/nMsY0lACdr,East Coast,[]
1043356796893757441,2018-10-15 19:58:24,If kanye make yandhi to be fire y‚Äôall taking him back?,Nawf Jerz ,[]
728626740617170944,2018-10-15 19:57:57,"This man said he is 100% sure YANDHI will be trash, two more weeks !! 
@kanyewest üåç https://t.co/m1BMCEuIco",Eldoret,[]
728626740617170944,2018-10-15 19:54:36,"@EdwardKipsanai Just wait for Yandhi,",Eldoret,[]
326980514,2018-10-15 19:43:43,If Yandhi is only 7 tracks long I‚Äôm gonna lose my shit. At least give me a 9 or 10 track album at most. This 6-7 al‚Ä¶ https://t.co/vla20UIUQv,,[]
278582197,2018-10-15 19:41:45,Yandhi's going to be the album to remember 2018 with.,"Johannesburg, South Africa",[]
1051340593979224065,2018-10-15 19:33:26,"#KanyeWest talking about #MindControl #ISUPPORTYE #Ye #Yandhi

https://t.co/84vw8n7lOA",Jade‚Äôs Universe,"[{'text': 'KanyeWest', 'indices': [0, 10]}, {'text': 'MindControl', 'indices': [25, 37]}, {'text': 'ISUPPORTYE', 'indices': [38, 49]}, {'text': 'Ye', 'indices': [50, 53]}, {'text': 'Yandhi', 'indices': [54, 61]}]"
862622783259512833,2018-10-15 19:28:41,@MyContentSucks fax unless Yandhi is super good TA1300 is AOTY,Philly ,[]
702043567523495937,2018-10-15 19:28:18,He is on yandhi https://t.co/6E3jVT1xTr,"Kampala, Uganda",[]
149276509,2018-10-15 19:25:47,I spent 5 minutes too long on Facebook and now I'm pissed off that I got involved in a Republican spewing mess abou‚Ä¶ https://t.co/4oNiwzaNmw,"Somewhere in the trees, OR",[]
248217695,2018-10-15 19:22:51,@dstwhm @Eagles Drop Yandhi @Eagles,out of Iowa,[]
1917516452,2018-10-15 19:22:50,Kanye West Is In Uganda Finishing His Album And People Are Mostly Stoked About It https://t.co/f6lRIovf1r,"New York, USA",[]
911307038,2018-10-15 19:22:41,I liked a @YouTube video https://t.co/0Iowj5cN8f Kanye West &amp; Tyga - Ye Only [YANDHI] *RAW SNIPPET*,WWE,[]
1043310177490034688,2018-10-15 19:22:11,"Kanye West is in Uganda to finish recording his ninth studio album ""Yandhi""
https://t.co/QmDVRVYhgq",Lagos Nigeria,[]
545678163,2018-10-15 19:21:28,Yandhi and Fallout 76 releasing in the same month feelsgoodman,The toilet,[]
1027243340,2018-10-15 19:21:13,Kanyesigye will be one of Kanye‚Äôs  tracks on Yandhi no doubt,,[]
2850717231,2018-10-15 19:21:02,Yandhi gone be so üî•,,[]
3838342935,2018-10-15 19:20:39,Yandhi is gonna be absolute horseshit and you mongs are gonna like it,"Earth, Sol System",[]
1521375355,2018-10-15 19:18:07,Yandhi !!,,[]
104732591,2018-10-15 19:12:20,Kanye West &amp; Tyga - Ye Only [YANDHI] *RAW SNIPPET* https://t.co/W5fyKXnQNx via @YouTube,"Providence, R.I.",[]
1522153146,2018-10-15 19:11:17,Podoba mi siƒô film Kanye West - We Got Love (feat. TEYANA TAYLOR) [YANDHI Snippet] w @YouTube ‚Äì https://t.co/XMOiODdpYH,Polska,[]
258788892,2018-10-15 19:09:02,Yandhi is sh!t coz it is named after a man that hated black people tooüòÇüòÇüòÇüòÇ #Ghandi was a terrible man to black peop‚Ä¶ https://t.co/XJyMoUPoXo,"Los Angeles, CA + Kampala","[{'text': 'Ghandi', 'indices': [75, 82]}]"
1027194567722848256,2018-10-15 19:07:44,@TayMasterChef you working on YANDHI?,SoCal üå¥üåä,[]
1883961578,2018-10-15 19:07:08,in case y‚Äôall forgot.... YANDHI https://t.co/1fUR5NiGjM,,[]
264926447,2018-10-15 19:05:30,He‚Äôs...making Uganda great again... LOL https://t.co/eUctbs32fI,"Los Angeles, CA",[]
752144420233818112,2018-10-15 19:04:01,@therealGnlzamba Me too yandhi is shit,Kampala,[]
232740479,2018-10-15 19:02:25,"Yandhi better be that fucking album. I don‚Äôt wanna see any lil pump, I don‚Äôt wanna hear any scoopity poop. Come with that fire bro üî•","Atlanta, GA",[]
258788892,2018-10-15 18:57:56,"That was before slavery was a choice! 
Now when the righteous stand. The devil is on the left shoulder and an angel‚Ä¶ https://t.co/HWopvD7Mkp","Los Angeles, CA + Kampala",[]
2157695890,2018-10-15 18:53:36,J'ai comme une envie de te dire que je sois all√© √† la pause Mais je pense que c'est un truc de ouf avec yandhi en p‚Ä¶ https://t.co/gFDwUMyCJn,"Ile-de-France, France",[]
258788892,2018-10-15 18:53:01,Ghandi was a racist too! He called black people all sorts of names when defending the Asians in Apartheid. He wasn‚Äô‚Ä¶ https://t.co/8Pun2gzHEU,"Los Angeles, CA + Kampala",[]
98572780,2018-10-15 18:33:36,"You know how, before you write a tweet, there's that faded ""What's happening?"" question in the window? 

Yeah, that‚Ä¶ https://t.co/mMG2K2JSRq","Nairobi, Kenya",[]
1020058453,2018-10-15 18:31:23,Kanye gifted the president of Uganda with a pair of white Yeezys because‚Ä¶what even is 2018 anymore? üëü‚Ä¶ https://t.co/gwceGSiAO7,,[]
634656884,2018-10-15 18:29:29,Guys stop distracting @kanyewest. We need Yandhi asap ü§£,,[]
1485248274,2018-10-15 18:29:04,Kanye West Actually Gifted The President Of Uganda With A Pair Of Yeezys https://t.co/HU2HvEHXVH https://t.co/IXwrKdoHB0,,[]
891048588150808581,2018-10-15 18:28:54,@KanyePodcast Hey since there‚Äôs still a lot of time left before Yandhi drops could you guys do an analysis on the l‚Ä¶ https://t.co/EnRSw3VFtL,ooo o OOO A A A A AA A AA,[]
65551087,2018-10-15 18:26:31,"And here is @tamerra_nikol with the most 2018 story of the day 

https://t.co/YFGOnxWyor https://t.co/ufUYiRjhsq","New York, NY",[]
949786065254146048,2018-10-15 18:18:41,"#qanon I thought he was worried about Chi-raq? Wonder if he knelt or stood for the Uganda flag?
https://t.co/qUukhuMx20",Any Town USA,"[{'text': 'qanon', 'indices': [0, 6]}]"
902921779924127745,2018-10-15 18:05:31,"#technology - Kanye West has built a studio in a Ugandan safari lodge to finish his album in: Quartz
https://t.co/OVuNvv93ed",,"[{'text': 'technology', 'indices': [0, 11]}]"
135236738,2018-10-15 17:51:52,I think Yandhi might be üî•üî•üî•. Idk tho,"Phoenix, AZ",[]
789477658732081157,2018-10-15 17:51:45,One month until YANDHI,"Houston, TX",[]
3784621,2018-10-15 17:51:03,Did Kanye West build a studio in a Ugandan safari lodge to finish his album? https://t.co/DChJqwaQ5k‚Ä¶ https://t.co/B04Fd7pVN5,"√úT: 59.19408,17.620422",[]
2231899321,2018-10-15 17:50:36,"Mais o ye, kids see ghosts, arcstrumentals 2, bas  e brockhampton
Mais o yandhi que sai em novembro 
Com sorte o do‚Ä¶ https://t.co/vOn8O5DSDR",,[]
464504081,2018-10-15 17:47:40,@Elycaptano They should be asee on this yandhi album. He has to put some respec to those kids ‚ò∫Ô∏è,Bangalore,[]
111417441,2018-10-15 17:42:33,YANDHI finna be üî•üî•üî• https://t.co/SYjjEGxQqR,"Seireitei, Soul Society",[]
3319985717,2018-10-15 17:41:12,Yandhi is going to have a Kony2012 feature https://t.co/BpflCtA957,"Charlotte, NC",[]
3044665445,2018-10-15 17:38:55,Kanye West has built a studio in a Ugandan safari lodge to finish his album https://t.co/WFXUUYLBHZ via @qzafrica,,[]
85862020,2018-10-15 17:36:03,"With the recent uproar of Kanye visit with #DonaldTrump

Also with the delay of the album #Yandhi release.‚Ä¶ https://t.co/CjPfFitsSi","New York, NY","[{'text': 'DonaldTrump', 'indices': [43, 55]}, {'text': 'Yandhi', 'indices': [90, 97]}]"
3247100168,2018-10-15 17:28:36,"Updated episode schedule from now to Yandhi!

-Cudi Montage
-Gone
-Homecoming
-Big Brother
-Pinocchio Story
-Who Will Survive in America",Podcast link is below!,[]
1024026271351746560,2018-10-15 17:26:16,"@jenniferBallen @kanyewest @BigSean Yes he is recording his Ninth album named Yandhi.

He has been live streaming s‚Ä¶ https://t.co/FbKyGFwFy2",Kampala Uganda,[]
847886578227740673,2018-10-15 17:19:00,@E_Cumzz He flew out to finish Yandhi,NYC,[]
903163041902190592,2018-10-15 17:15:03,@traptomcruise22 üò≠üò≠üò≠üò≠üò≠üò≠üò≠üò≠üò≠üò≠CAN'T WAIT FOR YANDHI TO DROPüíΩ https://t.co/Mdprtbe4Yy,Promised land,[]
2980431143,2018-10-15 17:13:15,Kanye West et Kim Kardashian ont offert une paire de Yeezy au pr√©sident ougandais Le rappeur est en Ouganda afin de‚Ä¶ https://t.co/H8JoJLgrPr,JE SUIS PARTOUT,[]
3935154977,2018-10-15 17:10:13,Kanye West meets with the President of Uganda and gives him a pair of Yeezys https://t.co/XY3OYfVBnW,"Newark, DE",[]
514163035,2018-10-15 17:03:38,@kanyewest Is trump executive producer for yandhi ?,Dubai ,[]
1463271912,2018-10-15 17:01:06,Kanye West offre des tennis blanches au pr√©sident ougandais https://t.co/p5QAT4nDrh https://t.co/qtbRjOiwT8,,[]
979557433,2018-10-15 16:59:25,"YANDHI 9 29 18 go wrong

painel animado sobre o novo √°lbum  @kanyewest que n√£o foi lan√ßado :(

#art #KanyeWest‚Ä¶ https://t.co/Ze2courHLS",Rio de Janeiro - Brasil,"[{'text': 'art', 'indices': [95, 99]}, {'text': 'KanyeWest', 'indices': [100, 110]}]"
2162830923,2018-10-15 16:55:34,@Adam25Cortese Hopefully yandhi is good.,,[]
229220040,2018-10-15 16:44:54,Kanye West offre des tennis blanches au pr√©sident ougandais https://t.co/wtkm6k8GOp https://t.co/2b9UGSq9Tc,"Washington, DC",[]
380648579,2018-10-15 16:41:00,"Kanye West is in Uganda to finish recording his ninth studio album ""Yandhi"" https://t.co/4nCxHLIUHM",France,[]
2763306889,2018-10-15 16:33:53,I liked a @YouTube video https://t.co/TKyS4LCkzQ Kanye West- 'New New Slaves' Ft. XXXTENTACION (From Yandhi Album),,[]
2763306889,2018-10-15 16:30:13,I liked a @YouTube video https://t.co/fhKb1PRE43 Kanye West - Yandhi (Audio),,[]
1022396943824125953,2018-10-15 16:27:11,Kanye West YANDHI Full Album NEW 10 2018: https://t.co/CwfZ0p40Si via @YouTube,"New York, USA",[]
849270473825423360,2018-10-15 16:24:52,"If this rumor of Kim divorcing Kanye is true....good for us. Reset the matrix. Kanye better stay in the crib, get h‚Ä¶ https://t.co/l11BvU3Wa9","Jackson, MS",[]
223805363,2018-10-15 16:20:09,Kanye West meets with the President of Uganda and gives him a pair of Yeezys https://t.co/GWYtg4rYiK,,[]
889951994,2018-10-15 16:17:33,Kanye gonna spend all this time in Africa to make yandhi and it ain't gonna have any African influence lmao,florida,[]
3048878177,2018-10-15 16:15:26,Visionary #YANDHI https://t.co/BCmXyfgIYe,Nigeria,"[{'text': 'YANDHI', 'indices': [10, 17]}]"
3389659180,2018-10-15 16:13:28,Yandhi vai ser aoty https://t.co/DYM7Zc1Xu5,,[]
3048878177,2018-10-15 16:12:41,Visionary #YANDHI https://t.co/W7wHitLkCf,Nigeria,"[{'text': 'YANDHI', 'indices': [10, 17]}]"
252369308,2018-10-15 16:02:58,Imagine a Trump feature on yandhi,203,[]
2165545648,2018-10-15 15:59:29,Kanye West &amp; Tyga - Ye Only [YANDHI] *RAW SNIPPET* https://t.co/fZ8bDq5iDN via @YouTube,Philly/Pittsburgh,[]
2097571,2018-10-15 15:54:08,"Kanye West is in Uganda, where he has reportedly constructed a pop-up studio to work on his next album, ""Yandhi"" https://t.co/NjJOZv4Px2",Everywhere,[]
876494190833696768,2018-10-15 15:53:51,@KanyePodcast And you guys barely get a break before going straight into Yandhi!,"Libertyville, IL",[]
1004968996741902336,2018-10-15 15:51:48,yandhi gon go crazy https://t.co/EQDY9ehfFZ,influencer,[]
1638909296,2018-10-15 15:49:15,Bruh when he samples this on Yhandi or Yandhi however tf it's spelled it's gonna soundüî•üî•üî• https://t.co/bdqSqZfhYd,agiieifiiaidj4j,[]
912776774362320901,2018-10-15 15:37:04,algo me dice que yandhi no me va a gustar nada :( te amo kanye bb,inhisheart ,[]
54238605,2018-10-15 15:29:21,"Kanye West &amp; Tyga - Ye Only [YANDHI] *RAW SNIPPET*
https://t.co/cGh97WY0cc
ü§î",landennnnn,[]
4057752438,2018-10-15 15:28:41,"""There‚Äôs a generation of people, myself included, whose entire understanding of hip-hop was shaped by Wayne."" This‚Ä¶ https://t.co/XxTOnaKtUx",,[]
758812113095634944,2018-10-15 15:23:43,Instead of dropping yandhi my guy is out here playing house with museveni....KANYE YOU NEED THERAPY I HATE WHAT YOU‚ÄôVE BECOME!!,,[]
861351815576682500,2018-10-15 15:23:20,Kanye West streams Yandhi recording session live from¬†Uganda https://t.co/Qbxlt5mOiN https://t.co/2hzMuVnkPY,Everywhere.......,[]
2309959294,2018-10-15 15:22:50,".@kanyewest and @KimKardashian on super-futuristic #YANDHI vibes

https://t.co/6ZiCTtR08K","Philadelphia, PA","[{'text': 'YANDHI', 'indices': [51, 58]}]"
251330822,2018-10-15 15:07:37,A yo this whole skit was perfect üòÇüòÇüòÇüòÇ ü§∑üèæ‚Äç‚ôÇÔ∏è luh ya yandhi @ Pine Tree Associates Nudist Club https://t.co/FhTWl7jbcD,The DMV.... ,[]
32723431,2018-10-15 14:55:44,I was gonna tweet lyrics from the album but you broke my heart when you lied that #Yandhi was gonna be out by Satur‚Ä¶ https://t.co/KDtrQ7ZnME,Where My Creator Intented,"[{'text': 'Yandhi', 'indices': [82, 89]}]"
736370398233694209,2018-10-15 14:53:42,so now that Kanye bool with trump does that mean we‚Äôll be hearing a lot of Hard R‚Äôs on YANDHI ???üòí,"Santiago Papasquiaro, Durango",[]
326002918,2018-10-15 14:51:51,"Kanye West did something stupid in EVERY ALBUM ROLLOUT: 

Yeezus: Kanye talking shit about Amber Rose and Wiz.

Lif‚Ä¶ https://t.co/wbNYHA0KBN",,[]
388950719,2018-10-15 14:42:01,@Genius This ain't Yandhi,"London, England",[]
775465311449575424,2018-10-15 14:41:08,"To understand Kanye, you must first try walking a day in his shoes. #YANDHI https://t.co/G1tbl0MLPD","Ridgewood, Queens","[{'text': 'YANDHI', 'indices': [68, 75]}]"
35796986,2018-10-15 14:39:38,"That tyga reference track is so fire, yandhi gonna be one of Kanye's best albums",West London,[]
2916084152,2018-10-15 14:22:28,Kim Henderson Landed in Uganda For Yandhi Album https://t.co/8YBFHqtdF5 via @YouTube,,[]
65786545,2018-10-15 14:17:40,Kanye West has built a studio in a Ugandan safari lodge to finish his album https://t.co/SujfI5QnaP via @qzafrica,"Johannesburg, South Africa",[]
716406198,2018-10-15 14:16:51,@traptomcruise22 @crab_rangucci_ He will on Yandhi,"New York, NY",[]
571113801,2018-10-15 14:13:56,This #Yandhi album fina b littüî•,"Kampala, Uganda","[{'text': 'Yandhi', 'indices': [5, 12]}]"
189575751,2018-10-15 14:08:10,"Kim Kardashian and Kanye West Visit the President of Uganda, Gifts Him With Sneakers The rapper is in Africa to rec‚Ä¶ https://t.co/ydSStNVqxJ","Washington, DC",[]
22366443,2018-10-15 13:59:42,Kanye West meets with the President of Uganda and gives him a pair of Yeezys https://t.co/ZGbAv3cyES,"Calgary, Alberta",[]
872728712,2018-10-15 13:53:48,"https://t.co/F71lMumEUd
Blessing your morning with some new Kanye. Bet Trump has already listened to yandhi üò°","Montr√©al, Qu√©bec ",[]
49750313,2018-10-15 13:53:25,–ò –±—É—Å–∏–∫–∏ https://t.co/8IHEuKOSuE,moscow,[]
19063323,2018-10-15 13:51:11,Kanye West meets with the President of Uganda and gives him a pair of Yeezys https://t.co/ts4GP5c065 https://t.co/psfXFYqnNd,London,[]
86065859,2018-10-15 13:41:29,"Kanye retrasa la salida de ‚ÄòYandhi‚Äô, su nuevo disco https://t.co/rxtDter1jb",Venezuela,[]
21351506,2018-10-15 13:40:22,Kanye West has built a studio in a Ugandan safari lodge to finish his album https://t.co/Kv2HX2pHTW,The Great Wide Open,[]
149825769,2018-10-15 13:33:16,No YANDHI listen ? https://t.co/DgU6ETMsoE,Johannesburg South Africa,[]
903670314822983680,2018-10-15 13:28:29,Trump gonna have a feature on Yandhi,"Baltimore, MD",[]
2351600736,2018-10-15 13:24:53,H√∂re immer noch das snippet von yandhi,"Berlin, Deutschland",[]
2302718982,2018-10-15 13:24:40,"Taking a break from his visit in Uganda, @kanyewest returns to Twitter to tell us that he is the #1 recording artis‚Ä¶ https://t.co/Iswk8TZ0XM","Chicago, IL",[]
192870368,2018-10-15 13:17:58,@Genius Your album still deserves a #2 or 3... position @kanyewest !! Lets make you FLOP #Yandhi #Flop,Ibiza,"[{'text': 'Yandhi', 'indices': [89, 96]}, {'text': 'Flop', 'indices': [97, 102]}]"
1036607652657352705,2018-10-15 13:13:23,Kanye West travaille actuellement en #Ouganda. Depuis ce 12 Oct West et sa femme @KimKardashian sont au Nord de l'‚Ä¶ https://t.co/3d3DfATJhx,Bujumbura-Burundi ,"[{'text': 'Ouganda', 'indices': [37, 45]}]"
2328964976,2018-10-15 13:10:43,"I was already hyped for Yandhi but with these Ug vibes entrenched in it, it‚Äôs going to be üî•üî•üî•
#KanyeWestInUganda","Kampala,Uganda","[{'text': 'KanyeWestInUganda', 'indices': [94, 112]}]"
1037433170575204353,2018-10-15 13:09:01,"A rare photograph of Ugandan/American artist Kanyesigye attempting to convince former rapper turning politician ""Se‚Ä¶ https://t.co/GA6TQrXHIF",,[]
21547309,2018-10-15 13:07:07,Kanye West has built a studio in a Ugandan safari lodge to finish his album https://t.co/QjDHUidiAr https://t.co/fmNswLr9P8,"La Paz, BCS, Mexico",[]
58791472,2018-10-15 13:00:57,@SlyJuan Lol. Let's wait till Yandhi,Luton,[]
1006028503345696768,2018-10-15 12:56:19,Kanye enjoying uganda now as we are waiting for yandhi https://t.co/eNgatkCD4A,United States,[]
950917417059934213,2018-10-15 12:52:48,@pitchfork I believe this even less than I believe that Yandhi is dropping in Nov,"Nairobi, Kenya",[]
1047577994582212608,2018-10-15 12:47:38,Preview Kanye West‚Äôs ‚ÄòYANDHI‚Äô album | SPACESHIP CALLING¬†EARTH https://t.co/ToyEC2buUB https://t.co/a7SIUYrLf8,,[]
573918122,2018-10-15 12:46:35,Kanye West has built a studio in a Ugandan safari lodge to finish his album https://t.co/xA7eM9yvfL,The World,[]
704087240,2018-10-15 12:46:06,Kanye West streams Yandhi recording session live from Uganda https://t.co/DsqfbRwWI9 https://t.co/0g9p9A4nSQ,cum find me ,[]
946177374084915200,2018-10-15 12:27:38,"Goodmorning Twitter, YANDHI in a month and eight days. https://t.co/wGKUyvtjMl",HTX - LA,[]
1103469038,2018-10-15 12:23:47,@KandaCedric Let's just wait for Yandhi and compare it to all his other albums this year,Some place higher,[]
1011149310157901826,2018-10-15 12:21:12,Kanye West streams Yandhi recording session live from Uganda https://t.co/5zRMgLWKeV #MYMUSIC,"Lagos, Nigeria","[{'text': 'MYMUSIC', 'indices': [85, 93]}]"
36163152,2018-10-15 12:20:51,Kanye West has built a studio in a Ugandan safari lodge to finish his album https://t.co/rrXDEezyIs via @qzafrica,"New York, Lagos, London",[]
2636257478,2018-10-15 12:20:13,"PICHA:Rapa Kanye West akutana na Rais wa Uganda Yoweri Kaguta Museveni nchini Uganda.

Kanye amekuja barani Afrika‚Ä¶ https://t.co/HO0NUzuWKJ",Tanzania,[]
222625270,2018-10-15 12:19:10,Kanye West has built a studio in a Ugandan safari lodge to finish his album https://t.co/B7mJXBpqB8,M√©xico,[]
1016890028440469504,2018-10-15 12:18:46,üîÑ #hypebeast Kanye West reactivated his Twitter account and has been live-streaming the recording process for his u‚Ä¶ https://t.co/XaXe7P0J3P,"Venice Beach, CA","[{'text': 'hypebeast', 'indices': [2, 12]}]"
2316352886,2018-10-15 12:17:04,Kanye West has built a studio in a Ugandan safari lodge to finish his album https://t.co/6RG6OXw2Ac https://t.co/adZxNOUuo5,Rwanda,[]
1416301766,2018-10-15 12:16:01,where the f is yandhi,toulouse / charleville / montr√©al,[]
3044665445,2018-10-15 12:15:16,Kanye West has built a studio in a Ugandan safari lodge to finish his album https://t.co/bmpBfGG85Q via @qzafrica,,[]
594080135,2018-10-15 12:13:53,ye back to getting on tables and ranting ? and dancing funny in the studio ? yea yandhi is def yeezus 2 https://t.co/9vhdL4RwBV,,[]
468469644,2018-10-15 12:11:13,"As Kanye West continues to record his Yandhi album in Uganda,they have paid a visit to the country's president. The‚Ä¶ https://t.co/L4fso0SikY","6.643504,3.335381",[]
832208529243070464,2018-10-15 12:09:15,Kanye West streams Yandhi recording session live from Uganda https://t.co/5AogvXAk0m,,[]
768693522,2018-10-15 12:09:14,trump has heard yandhi,,[]
1016890028440469504,2018-10-15 11:57:50,üîÑ #hypebeast Kanye West reactivated his Twitter account and has been live-streaming the recording process for his u‚Ä¶ https://t.co/wf4SGcQtFD,"Venice Beach, CA","[{'text': 'hypebeast', 'indices': [2, 12]}]"
21558351,2018-10-15 11:53:21,Kanye is really about to have some Afrobeats on Yandhi,"Lagos,Nigeria",[]
261807297,2018-10-15 11:53:17,where is yandhi,,[]
145617319,2018-10-15 11:51:44,Webituse another rap might be sampled on yandhiüòÇüòÇüòÇüòÇ https://t.co/WY62Q9Tk0S,Man's  international ,[]
2529522877,2018-10-15 11:47:30,still waitin‚Äô for yandhi smh ü§∑üèª‚Äç‚ôÇÔ∏èüíØ,"Los Angeles, California",[]
1112455891,2018-10-15 11:46:10,"UG President ""Sevo"" will be rocking in the latest #yeezyboost 
Isa done deal.... Now you can ask for the mpenkoni R‚Ä¶ https://t.co/Z8HV7CXHPz",Valhala,"[{'text': 'yeezyboost', 'indices': [50, 61]}]"
980429990163632128,2018-10-15 11:34:31,Kanye West Begin Recording Missing Part Of New Album ‚ÄúYandhi‚Äù - https://t.co/3wkVI7cO2n: https://t.co/k60i2YMsjV via @YouTube,Uganda,[]
748853535668830208,2018-10-15 11:28:48,"Nna ebile I no longer listen to Kanye. He is cancelled. Yandhi is also cancelled even if he records it in Maun, idg‚Ä¶ https://t.co/hFw7rQs6c9",LAND OF THE HOPELESS,[]
817599378500231168,2018-10-15 11:21:20,The FADER https://t.co/PIdDH0U9E5 Kanye West streams Yandhi recording session live from Uganda#HoodrichDailyNews https://t.co/kdlcVf7b2T,"Atlanta, GA",[]
18038269,2018-10-15 11:16:50,"Kanye West streams Yandhi recording session live from Uganda.
https://t.co/NDktryVQjQ https://t.co/PuWI5maP14",global,[]
980364356415377408,2018-10-15 11:07:53,American Hip-Hop star @kanyewest aka YE in Uganda to complete his Yandhi Album.#KanyeWestInUganda @KimKardashian vi‚Ä¶ https://t.co/f37wnK7NOk,"Kampala, Uganda-East Africa","[{'text': 'KanyeWestInUganda', 'indices': [79, 97]}]"
207697852,2018-10-15 10:47:53,"On Indian Whisky reflecting on this Ghandhi situation, and why @kanyewest should visit #Malawi to discuss his album‚Ä¶ https://t.co/oAIaYVspnY",#Malawi #Africa #Universe,"[{'text': 'Malawi', 'indices': [87, 94]}]"
1718929436,2018-10-15 10:35:44,@KimKardashian message to the world about us. #ExperienceUgandaüá∫üá¨ #kardashian #kanyewest is in #Uganda for a 7 day‚Ä¶ https://t.co/ezpAG0m7YK,Uganda,"[{'text': 'ExperienceUganda', 'indices': [46, 63]}, {'text': 'kardashian', 'indices': [66, 77]}, {'text': 'kanyewest', 'indices': [78, 88]}, {'text': 'Uganda', 'indices': [95, 102]}]"
267914815,2018-10-15 10:14:14,Kanye West Built An Outdoor Studio In Uganda To Finish Recording 'Yandhi' Album. Watch YE Also Dance To Mystro x Wi‚Ä¶ https://t.co/htC5urno1k,South Africa,[]
855896074602643457,2018-10-15 10:13:27,@KalitaTransport @MargaretMuhanga @Tourismuganda @UgTourismBoard @FrankTumwebazek @AndrewMwenda The Wests came to t‚Ä¶ https://t.co/Qp5WrqLdAO,Earth ,[]
236422033,2018-10-15 10:07:29,@jamril_nursehan @hooliganbdg pa heru bageur kitu sembarangan si eko mah,cibitung,[]
1048845662639587328,2018-10-15 09:47:48,This @kanyewest  Yandhi album is actually going to be flames,"Lagos, Nigeria",[]
1005521700501389312,2018-10-15 09:43:04,Kudos to Kanye for bringing Tyga in Yandhi.,Brunei,[]
38701510,2018-10-15 09:39:20,I just published Yandhi the Great‚Ää‚Äî‚ÄäA Game of 4D Chess https://t.co/gokeq5dzJo,Houston and beyond,[]
919968976481824768,2018-10-15 09:08:45,|| Yandhi when? https://t.co/5QuRJRjwVU,Sinnoh,[]
2843921248,2018-10-15 08:59:12,"Kanye West is in Uganda and particularly Chobe Safaris Lodge to record what will become Yandhi, and his tenth album https://t.co/LNxWUnBSyQ","Kampala, Uganda",[]
262836675,2018-10-15 08:43:07,Kanye West Shuts Down National Park In Uganda To Record ‚ÄòYandhi‚Äô Album https://t.co/svyLsxPiQ7,Trending on your TL,[]
96920215,2018-10-15 08:32:53,"So it was Yeezus, Yandhi...what next, Yod?!",ugandaüá∫üá¨üá∫üá¨üá∫üá¨üá∫üá¨,[]
236422033,2018-10-15 08:26:06,gozaliii sateehh,cibitung,[]
267914815,2018-10-15 08:16:46,Kanye West Built An Outdoor Studio In Uganda To Finish Recording 'Yandhi' Album. Watch YE Also Dance To Mystro x Wi‚Ä¶ https://t.co/94R4T7T9eT,South Africa,[]
858711661322096640,2018-10-15 08:12:30,"#KanyeWest live-streaming on his #Ye @kanyewest twitter handle a recording of #Yandhi.

He was seated on a black le‚Ä¶ https://t.co/5C7iDUnx7x","Kampala, Uganda","[{'text': 'KanyeWest', 'indices': [0, 10]}, {'text': 'Ye', 'indices': [33, 36]}, {'text': 'Yandhi', 'indices': [78, 85]}]"
4875021449,2018-10-15 08:11:47,"Kanye West, Wife Kim Kardashian, Are In Uganda To Record New Album ‚ÄòYandhi‚Äô
#MichafukoMitaani
-Ye  is staying at th‚Ä¶ https://t.co/8W73n4QhN9",Kenya,"[{'text': 'MichafukoMitaani', 'indices': [76, 93]}]"
3166154407,2018-10-15 08:11:19,YANDHI üíø,Somewhere In Houston...,[]
558530050,2018-10-15 07:59:46,"Wasanii wakubwa nchini Marekani, Kanye West na Big Sean wametua nchini Uganda jana Oktoba 13, 2018 kwa lengo la kuk‚Ä¶ https://t.co/HuO7mAU0zy",Dar es salaam,[]
35697740,2018-10-15 07:37:49,".@kanyewest is in Uganda and particularly Chobe Safaris Lodge to record what will become¬†Yandhi, his tenth album. H‚Ä¶ https://t.co/Z67Rw4p9Nm","Kampala, Uganda",[]
1277570270,2018-10-15 07:20:41,"The #Kardashians: #KanyeWest starts recording his #Yandhi album, takes #KimKardashian for flora and fauna sight-see‚Ä¶ https://t.co/c1co6Ar7AA",Kampala,"[{'text': 'Kardashians', 'indices': [4, 16]}, {'text': 'KanyeWest', 'indices': [18, 28]}, {'text': 'Yandhi', 'indices': [50, 57]}, {'text': 'KimKardashian', 'indices': [71, 85]}]"
35279688,2018-10-15 07:16:21,"If a$ap ferg and mos def on yandhi, it‚Äôs already fire.","Columbus, OH",[]
773371407170428929,2018-10-15 06:57:18,Kanye West &amp; Tyga - Ye Only [YANDHI] *RAW SNIPPET* https://t.co/f0MQ2dmNiv via @YouTube,"Atlanta, GA",[]
756510325,2018-10-15 06:42:38,I hope Trump ft on Yandhi,"Los Angeles, CA",[]
48222920,2018-10-15 06:28:20,Kanye West - We Got Love (feat. TEYANA TAYLOR) [YANDHI Snippet] https://t.co/ZXQx8ChjLf via @YouTube,Undisclosed,[]
989744642630369281,2018-10-15 05:55:09,Kanye got something to prove. Yandhi is gonna be flamesüî•üî•üî•üî• #CantCancelYE,,"[{'text': 'CantCancelYE', 'indices': [60, 73]}]"
149825769,2018-10-15 05:38:16,YANDHI mentality https://t.co/xpxre9B1QZ,Johannesburg South Africa,[]
3127169940,2018-10-15 05:37:17,"#YANDHI @cnnbrk @VOA @nytimes @WSJ @GIJN @BBCWorld @BloombergTV @kourtneykardash
@kardashiankim2 The famous hitmake‚Ä¶ https://t.co/R0qv2iPiZ8",Kampala -Uganda,"[{'text': 'YANDHI', 'indices': [0, 7]}]"
711843930,2018-10-15 05:22:39,Yandhi is Kanye‚Äôs last chance to tell us it was all a joke and he‚Äôs good now.,"Dallas, TX",[]
374669381,2018-10-15 05:16:55,@kanyewest YANDHI is going to be the best album recorded by the greatest recording artist alive üí•üí•üí•üí•üí•üí•üí•üí•üí•üí•,Heaven,[]
361448624,2018-10-15 04:56:00,Kanye West &amp; Tyga - Ye Only [YANDHI] *RAW SNIPPET* https://t.co/Lmzy8K7HED via @YouTube,Woke City ,[]
2448160206,2018-10-15 04:55:37,I CANNOT wait for ye to drop yandhi I am so ready!!!,,[]
965516630473236480,2018-10-15 04:54:56,"I suggest YE gets a bunch of writers for YANDHI, preferably Drizzy.","Port Elizabeth, South Africa",[]
35315277,2018-10-15 04:52:26,Live look-in of Ye recording Yandhi https://t.co/tRqGX096TX,,[]
547713856,2018-10-15 04:46:35,Bro if Kanye went back to get this vibe. I‚Äôm so excited for Yandhi then man https://t.co/yQ8ayoEWAP,"Santa Ana, CA",[]
2444960228,2018-10-15 04:40:33,I hope Yandhi is better but I doubt it,vegas,[]
226495737,2018-10-15 04:34:02,"Ye in Uganda, probably recording Yandhi",Some Place Higher,[]
718545370263920640,2018-10-15 04:33:13,aight y‚Äôall if Yandhi is ass then Kanye is an old fart confirmed but I‚Äôm still holding onto the idea there‚Äôs a method to the madness,"Houston, TX",[]
857761768692531202,2018-10-15 04:29:24,dude yandhi was so fuckin good,"Idaho, USA",[]
4870976367,2018-10-15 04:24:28,YANDHI TRACKLIST REVEALED HOLY SHIT ‚ÄºÔ∏è‚ÄºÔ∏è https://t.co/zyhWAopJbk,"Chicago, IL",[]
192288057,2018-10-15 04:12:54,Kanye West Shows Live Recording Session For ‚ÄòYANDHI‚Äô In¬†Africa https://t.co/7nqcIIwxDp,Ghana,[]
940195944,2018-10-15 04:09:19,@XXL the real reason Yandhi was delayed..,Planet Earth,[]
233037633,2018-10-15 03:56:38,@charleshou_ Lol well I hope you cave in when Yandhi drops it‚Äôs gonna be a classic üôèüèæüòÇ,,[]
973269186,2018-10-15 03:55:54,@wills_account Yandhi,,[]
786959628886126592,2018-10-15 03:50:45,"never thought I‚Äôd say this but if yandhi is trash im giving up on ye... that being said, mob ties on repeat üîÇ","Los Angeles, CA",[]
39577646,2018-10-15 03:42:13,one of the songs on yandhi is going to end with a voicemail from donald trump,,[]
827926069,2018-10-15 03:30:07,"@KelleyAnneMac The player was at fault too, shouldn‚Äôt have ran it in.",,[]
827926069,2018-10-15 03:27:52,"And yep, the chiefs blew it because of weak clock management.",,[]
2403666971,2018-10-15 03:22:03,I added a video to a @YouTube playlist https://t.co/oymQncMmwl Free Kanye West 'Yandhi' x Godr Type Beat 'Only One Interlude',"Reston, VA",[]
827926069,2018-10-15 03:19:36,Chiefs may have just went the way of the Bengals earlier today,,[]
16103606,2018-10-15 03:14:00,[Around the Web] 10 Reasons Why Kanye West Going to Africa to Finish His Album Yandhi Might Work Out for Us All (It‚Ä¶ https://t.co/fXSeBuYENp,,[]
899973853971173376,2018-10-15 03:05:21,I liked a @YouTube video https://t.co/Xwe46XqPPe Kanye West Says 'Yandhi' Album Is Delayed So He Can Record in Africa | TMZ,United Kingdom,[]
3054495512,2018-10-15 02:55:05,"remember in 2009 when kanye had hella controversy, so he exiled himself to hawaii and made MBDTF? Yandhi bouta be a‚Ä¶ https://t.co/Fwj8ppC25A",,[]
1028471962018832385,2018-10-15 02:42:36,This Yandhi recording session in Uganda is some straight up Brian Wilson SMILE era shit. Love the energy though.,Send location ,[]
927224896005877760,2018-10-15 02:41:39,"Good morning.üí∞
#KanyeWest #Genius #MondayMotivation #YANDHI https://t.co/MP1qW7f80S",India,"[{'text': 'KanyeWest', 'indices': [15, 25]}, {'text': 'Genius', 'indices': [26, 33]}, {'text': 'MondayMotivation', 'indices': [34, 51]}, {'text': 'YANDHI', 'indices': [52, 59]}]"
1614053906,2018-10-15 02:41:08,"I liked a @YouTube video https://t.co/TyIiBkcG2d [FREE] Kanye West X Yandhi Type Beat | ""ZYGOTE""","Chicago, IL",[]
318349860,2018-10-15 02:39:00,yandhi sia this guy say,hell,[]
1614053906,2018-10-15 02:38:01,"I liked a @YouTube video https://t.co/ylFhZ52NE9 [FREE] Kanye West x Mike Dean x Pierre Bourne Type Beat ""Yandhi"" | (Prod. A.M.)","Chicago, IL",[]
3253187197,2018-10-15 02:37:12,this has been a fantastic year for music so far. can't wait to see what the next few months bring (especially yandhi),"Indiana, USA",[]
1021792316577771522,2018-10-15 02:29:00,The Gospel of Guy Woodhouse releases same day as Yandhi smh MFers spoiled with art out here and they don‚Äôt even know it,,[]
423718922,2018-10-15 02:28:20,@DieAntwoord plz unblock @kanyewest and get in the studio with him ‚ù§Ô∏è we need Ninja and Yolandi on Yandhi,"Battle Creek, MI",[]
951987370236174336,2018-10-15 02:06:49,@krassenstein I‚Äôm a Kanye fan but I‚Äôm done taking him seriously. The guy needs to get better and take several month‚Ä¶ https://t.co/2k3a9eNve0,"California, USA",[]
598633619,2018-10-15 01:59:09,@traptomcruise22 @YesJulz Yandhi certified classic,everyfucknwhere ,[]
1967614692,2018-10-15 01:58:11,I liked a @YouTube video https://t.co/MK185snwdQ Kanye West &amp; Tyga - Ye Only [YANDHI] *RAW SNIPPET*,,[]
392843167,2018-10-15 01:56:06,I added a video to a @YouTube playlist https://t.co/Jv94YApawR Kanye West &amp; Tyga - Ye Only [YANDHI] *RAW SNIPPET*,chicago,[]
2287693766,2018-10-15 01:49:31,@lushsux Bet you he would rename his album from Yandhi to Yonald,,[]
879132623393742854,2018-10-15 01:43:32,"bofa-deeznuts ‚úÖ

ligma-nuts ‚úÖ

yandhi-eeeznuts ?

sugon-deeznuts ‚úÖ",‚û°thaVOID,[]
766506400470163456,2018-10-15 01:40:44,"Yeezus (2013)
Yandhi (2018)
Yedolf Hitler (2019)","Omaha, NE",[]
634122130,2018-10-15 01:40:11,I am so fkin keen for YANDHI,"Sydney, New South Wales",[]
2252246261,2018-10-15 01:34:59,all I‚Äôm sayin is yandhi better slap cuz this too much from ye,a sunken place,[]
3338251114,2018-10-15 01:28:40,Imma just... pretend idk who kanye west is... until yandhi comes out... that is all,,[]
564217677,2018-10-15 01:27:30,I be listening to yandhi snippets on repeat,,[]
280801412,2018-10-15 01:26:50,Trump better have the most fire verse on Yandhi,University of Miami,[]
2859739247,2018-10-15 01:19:36,still waiting for yandhi though,"Miami, FL",[]
3031150712,2018-10-15 01:18:44,Everyone love talking shit bout kanye but when yandhi drops it‚Äôs still gonna top the charts and that‚Äôs just the truth,"Farmington, NM",[]
429736399,2018-10-15 01:17:01,@kanyewest Drop yandhi,TriHard Land,[]
346324541,2018-10-15 01:11:39,Where is Yandhi.,"Spokane, WA",[]
800487229546110976,2018-10-15 01:08:20,New post: EXCLUSIVE: Kanye West Shuts Down National Park In Uganda To Record ‚ÄòYandhi‚Äô Album. https://t.co/Oh0OdHVxn7,,[]
2299580095,2018-10-15 01:07:36,Estoy to hypeao por Yandhi,Astroworld,[]
44935606,2018-10-15 01:06:01,"After ""Yandhi"" Kanye's next album will be ""Yrump"" lol...
#KanyeWest",Barbados and Trinidad,"[{'text': 'KanyeWest', 'indices': [57, 67]}]"
827926069,2018-10-15 01:00:54,@NIKKIlodeon Still beat tho,,[]
711401434474917888,2018-10-15 00:54:26,I added a video to a @YouTube playlist https://t.co/Eibn8MN5sF Kanye West &amp; Tyga - Ye Only [YANDHI] *RAW SNIPPET*,"Oklahoma City, OK",[]
109548893,2018-10-15 00:52:28,"@will_lv76 @FranPalmer19 @3solidty @eda4461 @kanyewest Been saying this for years. Love his first album, but always‚Ä¶ https://t.co/yKLiyrpnQN",Southeast USA,[]
387463854,2018-10-15 00:47:01,Where tf is Yandhi got dammit,"Out Here, New Jerusalem",[]
2159662937,2018-10-15 00:43:44,Trump has heard Yandhi,"Atlanta, GA",[]
129349173,2018-10-15 00:41:12,Yandhi. https://t.co/RDABFUMspC,Bethpage State Parkway,[]
900489873332752384,2018-10-15 00:37:13,"YANDHI.
MADE IN UGANDA. 
GENIUS.",,[]
39481354,2018-10-15 00:36:23,Hes channeling that yeezus energy for Yandhi üî•üî•üî• https://t.co/nXLb50QADg,Pluto,[]
827926069,2018-10-15 00:34:57,So Ariana and Pete broke Mac Miller‚Äôs heart for no reason? Fucked up.,,[]
431225962,2018-10-15 00:26:21,YANDHI,Chicago Bulls | Wichita KS,[]
1039918223251124227,2018-10-15 00:19:49,@JxkeXX @BigGucciLexi There‚Äôs a reason why Kanye pushed Yandhi back you idiots LMFAO. You know damn well he had it‚Ä¶ https://t.co/qeX9ze3WWz,Lil Baby‚Äôs Fitted Cap,[]
3818301733,2018-10-15 00:08:44,@iamdean99 I think the Chance project is more realistic than Yandhi at this point tbh,New Jersey,[]
935310652276658178,2018-10-15 00:07:39,There are plenty of people as erratic as Yandhi that could have acted the same way he did in the Oval Office. He wa‚Ä¶ https://t.co/zRTbcZW87X,"Parkersburg, WV",[]
824788005084872704,2018-10-15 00:03:09,Kanye West &amp; Tyga - Ye Only [YANDHI] *RAW SNIPPET* https://t.co/qL1JS3HcGj via @kanyewest üó£üó£üó£üó£üó£aaaaaaaahhhhhhhhhhhuhh,"Palm Beach,FL",[]
854532840,2018-10-15 00:01:51,@ThatGuyMagZ And I'm gonna cry if it doesn't because I feel that's the Kanye album we need. Ye was just an appetize‚Ä¶ https://t.co/0GcruCsS12,"Toms River, NJ",[]
976662174,2018-10-15 00:01:16,"Ugandan record label Swangz
Avenue confirmed they are
working with West on his new
album ""Yandhi"".
#KanyeInUganda",Kampala,"[{'text': 'KanyeInUganda', 'indices': [99, 113]}]"
48222920,2018-10-14 23:55:05,Kanye West &amp; Tyga - Ye Only [YANDHI] *RAW SNIPPET* https://t.co/8ZoOKQ0CiL via @YouTube,Undisclosed,[]
1010352678856200192,2018-10-14 23:54:53,Can one of you fine members give ye print a good YANDHI strip for the Avi üëÄ,,[]
116321019,2018-10-14 23:53:05,@kanyewest Drop Yandhi,,[]
121695567,2018-10-14 23:52:44,https://t.co/PAQJS9j2w5 #YANDHI ‚ö°,Deutschland,"[{'text': 'YANDHI', 'indices': [24, 31]}]"
4886784857,2018-10-14 23:50:19,"#Yeezus 
#Yandhi 
#YelvisPresley 
#KKKanye",,"[{'text': 'Yeezus', 'indices': [0, 7]}, {'text': 'Yandhi', 'indices': [9, 16]}, {'text': 'YelvisPresley', 'indices': [18, 32]}, {'text': 'KKKanye', 'indices': [34, 42]}]"
4402668793,2018-10-14 23:50:19,@kanyewest Y‚Äôall are gonna act like you didn‚Äôt hate ye once yandhi drops,"None of your buisness, Earth",[]
121695567,2018-10-14 23:47:32,‚ö°‚ö°‚ö°#YANDHI https://t.co/lQiH5pjK5p,Deutschland,"[{'text': 'YANDHI', 'indices': [3, 10]}]"
230755721,2018-10-14 23:39:49,@kanyewest All of us when Yandhi finally drops https://t.co/PiOrCeKuZ0,Chicago ‚úà LA ‚úà NYC,[]
973269186,2018-10-14 23:39:19,Ariana Grand broke up with Pete Davidson because she‚Äôs got a feature on YANDHI and Pete made fun of Kanye on SNL. M‚Ä¶ https://t.co/oTLksm9UfE,,[]
601687199,2018-10-14 23:37:56,@ChriStylezz Yandhi is just gonna be afrobeats yeah?,"London, England",[]
2728566881,2018-10-14 23:32:41,I added a video to a @YouTube playlist https://t.co/WAcKfozNpP Kanye West - I Am Still a God feat. God (YANDHI ALBUM),United Kingdom,[]
854532840,2018-10-14 23:27:57,I'm just waiting for Yandhi smh,"Toms River, NJ",[]
2373014143,2018-10-14 23:26:04,"@AJJR_WW8 @lit_iverson @kayycee_dubb @SpectacularYio @KLRView @ChriStylezz Critic all you want, doesn‚Äôt make it the‚Ä¶ https://t.co/eD5ekycs9l","Austin, TX",[]
3169009500,2018-10-14 23:21:18,hearing all these yandhi snippets making all this craziness worth it lowkey,Hoenn,[]
982585849190801408,2018-10-14 23:13:03,@bIueracks Smh twitter y‚Äôall know what to do #blm #maga #yandhi,+,"[{'text': 'blm', 'indices': [45, 49]}, {'text': 'maga', 'indices': [50, 55]}, {'text': 'yandhi', 'indices': [56, 63]}]"
3068897525,2018-10-14 23:11:00,Yandhi bout to be the next mbdtf,Washington,[]
391554668,2018-10-14 23:00:41,@SaintMetallicus Yandhi,nkandla,[]
1032686196441448448,2018-10-14 22:48:18,"I agree, Yandhi will be a masterpiece https://t.co/iathQAbGXC",,[]
774660892453638144,2018-10-14 22:42:03,As if Kanye is actually in Uganda. Yandhi is a bout to be a masterclass,,[]
1023927339531595776,2018-10-14 22:36:54,@AIexWRLD Yandhi,Ye's studio in Uganda,[]
2496765654,2018-10-14 22:21:53,YANDHI 9 29 18 at Pitbulls,,[]
1723504591,2018-10-14 22:02:45,I want a Pats w and I wanna find another fkn galaxy tomorrow. Pats season. Yandhi season. Best time of the year. Fa‚Ä¶ https://t.co/agbA1LUIVg,G.O.O.D. Music,[]
980429990163632128,2018-10-14 22:02:13,Kanye West Begin Recording the missing part of his New Album ‚ÄòYandhi‚Äô ugfreshdaily com: https://t.co/bz5J12O9Ag via @YouTube,Uganda,[]
749755254313332736,2018-10-14 21:55:33,Boy if this what Kanye finna bring on Yandhi I wants NO PARTS https://t.co/kkzBkGxH5P,Murrland,[]
718172575063416832,2018-10-14 21:41:03,fuck yandhi its all about mandhi,"Berkeley, CA",[]
4662789681,2018-10-14 21:39:52,Im soo gassed for yandhi fr bro,"Wakiso, Uganda",[]
86065859,2018-10-14 21:37:08,"Kanye retrasa la salida de ‚ÄòYandhi‚Äô, su nuevo disco https://t.co/rxtDter1jb",Venezuela,[]
2509297122,2018-10-14 21:30:54,Ye really out in Uganda boutta bring world peace back with him on YANDHI ü§òüèæü§òüèæüëÅüåçüî•,satx,[]
504008534,2018-10-14 21:29:49,In 'YANDHI' he mentions Uganda! https://t.co/GO4TGBFV0J,"Kampala, Entebbe",[]
1017483162111356931,2018-10-14 21:27:06,kayne throwing trump in the booth for Yandhi?,,[]
500084598,2018-10-14 21:24:06,@factosdabanda Who did this?üòÇüòÇüòÇüòÇüòÇüòÇ,,[]
618669477,2018-10-14 21:21:35,DROP YANDHI @kanyewest,„Ç≠„ÉÉ„Çπ„É©„É≥„Éâ ,[]
2413997921,2018-10-14 21:20:23,No what you can keep Yandhi https://t.co/kvySzoZP1T,w/ becky,[]
18611073,2018-10-14 21:16:30,I‚Äôm excited for the Yandhi album cause I actually se effort from ye,Japan,[]
282818271,2018-10-14 21:16:19,"@kanyewest #Yandhi bout to be so groovy üò≠ but Kanye ... imma need you to sit down and write your lyrics fam, the sh‚Ä¶ https://t.co/1Ze2dqYQSp","No Hoes, TX","[{'text': 'Yandhi', 'indices': [11, 18]}]"
487056486,2018-10-14 21:09:49,"got rockets basketball, new yeezy 700s, and red dead 2 to hold me off for the yandhi wait","Florida, USA",[]
1246947919,2018-10-14 21:08:13,"Yandhi is gonna be amazing üî•üî•üî•
#Ye #Creative",,"[{'text': 'Ye', 'indices': [31, 34]}, {'text': 'Creative', 'indices': [35, 44]}]"
991087119648075776,2018-10-14 21:04:44,@kanyewest damn it hard when tha carter and yandhi drop on the same week üôÑüôÑ,"Marshland Saint James, England",[]
987577757323419648,2018-10-14 21:03:32,@kanyewest nigga fuck Trump where‚Äôs Yandhi,NJ,[]
1843783711,2018-10-14 21:00:28,Yandhi va √™tre extraordinaire,Way Of Wade,[]
35527153,2018-10-14 21:00:20,I need YANDHI,"Sacramento, CA",[]
434381844,2018-10-14 21:00:15,@kanyewest Yandhi,"Inverness, Scotland",[]
4670941779,2018-10-14 20:57:41,@kanyewest Drink More YANDHI,Your Auntie's House,[]
870163103471808512,2018-10-14 20:57:01,Well I guess America is not giving him the best he needs....Kanye West shows off his cringeworthy dance moves in Af‚Ä¶ https://t.co/LJ1RAdY8lD,Earth,[]
1062868903,2018-10-14 20:53:32,Bro he‚Äôs doing any and every thing for attention lately. Like how he said Yandhi dropping knowing damn well that sh‚Ä¶ https://t.co/IOXwtAOxPv,The 014 üáøüá¶ ,[]
77509521,2018-10-14 20:53:07,"YANDHI?

https://t.co/8bVOfp8Dnc","Detroit, MI",[]
242505626,2018-10-14 20:53:07,I added a video to a @YouTube playlist https://t.co/Yj17BwKA7p 'Yandela' Free YE 'Yandhi' x Kendrick Lamar x Pusha T Type Beat,"Philadelphia, Pa",[]
1051573330757767168,2018-10-14 20:52:24,@kanyewest I just woke from a dream. Your music was playing but it wasn't any song that is out yet. Your next album‚Ä¶ https://t.co/8r5zvJKGfi,,[]
1707174817,2018-10-14 20:49:12,Yandhi bout to do huncho numbers https://t.co/HAl3HiYX8q,,[]
867523099046162433,2018-10-14 20:48:53,So I‚Äôm guessing 070 Shake is on Yandhi... I like https://t.co/6ItAHtohWr,find me,[]
712409420802695168,2018-10-14 20:47:30,I already know yandhi is gonna be super corny,,[]
3049885804,2018-10-14 20:44:54,Yandhi sounds kinda slappish if you ask me,,[]
2557200492,2018-10-14 20:43:29,When Yandhi drop and it's amazing yall better not switch sides,,[]
468967921,2018-10-14 20:41:34,big sean on Yandhi,Baton Russia ,[]
165652734,2018-10-14 20:37:29,this is what is known as a YANDHI type beat https://t.co/XSzlCMZ6j4,Michigan,[]
227681062,2018-10-14 20:37:07,"All obvious misbehavior aside, Kanye's Yandhi album is gonna be all jams.....","Accra, Ghana",[]
248184154,2018-10-14 20:28:19,dawg I hope big Sean ain‚Äôt on yandhi https://t.co/zTo21dsbQX,in a pit watching dragon ball ,[]
1601271156,2018-10-14 20:28:07,cant wait for yandhi üíï https://t.co/m97P0N5uhM,"Arlington, TX",[]
956623978776449024,2018-10-14 20:23:33,"Like we said before, project IS a classic. 
#NotYaManz #NYM #kanyewest #kanye #yandhi #classic #fire https://t.co/98gHbOIlL6","New York, USA","[{'text': 'NotYaManz', 'indices': [44, 54]}, {'text': 'NYM', 'indices': [55, 59]}, {'text': 'kanyewest', 'indices': [60, 70]}, {'text': 'kanye', 'indices': [71, 77]}, {'text': 'yandhi', 'indices': [78, 85]}, {'text': 'classic', 'indices': [86, 94]}, {'text': 'fire', 'indices': [95, 100]}]"
2754914127,2018-10-14 20:17:21,ronny j‚Äôs distorted 808s on yandhi &gt;&gt;&gt;&gt;&gt;&gt;&gt;&gt;&gt;&gt;&gt;&gt;&gt;&gt;&gt;&gt; https://t.co/CfbGxTSHUU,,[]
3320779092,2018-10-14 20:15:29,Yandhi is gunna b trash https://t.co/yXeEWwJSf0,Rojava Autonomous Zone,[]
827926069,2018-10-14 20:06:59,Why did the bengals score so fast? They were in scoring position on first down they should have ran the clock out a little bit.,,[]
913180687766818817,2018-10-14 19:59:48,YANDHI CAN BE THE NEW LIFE OF PABLO.,buea Cameroon,[]
1037541976164454400,2018-10-14 19:55:58,@colinags that colin feature on YANDHI üî•,"Chicago, IL",[]
886379123047882752,2018-10-14 19:52:25,@JakeLander it's well accepted that these songs w/ tyga were recorded right after the life of pablo. one of the tra‚Ä¶ https://t.co/X6yq55Ow5n,htx,[]
17818842,2018-10-14 19:50:26,@PrisonPlanet Kanye West shows off his cringeworthy dance moves in Africa https://t.co/ap12HNC6RV via @DailyMailCeleb,,[]
2457891411,2018-10-14 19:47:27,If Yung Lean has a feature on Yandhi I will be a trump supporter too,Im offended,[]
732451308343578624,2018-10-14 19:45:14,@CoreyNGAF Yandhi sneak peek https://t.co/9MRJag1OnL,PRüáµüá∑ / Northern VA / NC,[]
2529055723,2018-10-14 19:44:49,Kanye West in Uganda listening to @wizkidayo &amp; creating music for his upcoming album Yandhi üè° https://t.co/sHyK1Wpbwc,"Texas, USA",[]
43495640,2018-10-14 19:43:39,@NotTheVillain he in Uganda now #Yandhi,"Miami, FL","[{'text': 'Yandhi', 'indices': [32, 39]}]"
1009409776739110912,2018-10-14 19:39:55,"@hyruledrift you want just a fan now you not.
i better not see any YANDHI tweets when he drop it https://t.co/XTQtavkpoy","‚Ä¢ colorwave, tx ‚Ä¢",[]
918866788376547328,2018-10-14 19:39:14,"After seeing Kanye in Uganda mixing that Afro wit that trap
I can guarantee yandhi finna SLAP",Ya girls DMs,[]
710702513591291904,2018-10-14 19:36:35,Can‚Äôt wait to hear that sample on Yandhi üåö,UWG,[]
168237540,2018-10-14 19:33:49,fernando haddad vai fazer o kanye dropar o yandhi,"vit√≥ria, es",[]
1001804332231249921,2018-10-14 19:30:57,Yo has anyone seen yandhi?,Ur mum gay,[]
290160606,2018-10-14 19:29:09,@kanyewest can you drop Yandhi?,"Los Angeles, CA",[]
168237540,2018-10-14 19:28:20,release yandhi https://t.co/CVCfhqdXpK,"vit√≥ria, es",[]
580502117,2018-10-14 19:26:19,"Yandhi will be released under ""Ye"" and also why we should be alerted https://t.co/ytXcGxEf5p",Tx üåé,[]
946177374084915200,2018-10-14 19:25:59,@kanyewest YANDHI SZN,HTX - LA,[]
621695122,2018-10-14 19:24:59,Yandhi gonna be good as fuck,"Los Angeles, CA",[]
740319732662861824,2018-10-14 19:19:53,@jemelehill @Drake In the last 5 months Kanye has had. 2 albums that went Gold. 3 platinum singles. We still love kanye. YANDHI Nov 23,Everywhere,[]
717393656156712960,2018-10-14 19:19:03,YANDHI FINNA SLAP SOOOOOOO FKN HARD NOOO CAP https://t.co/Q10Oc1RnPl,LiL PEEP stan account,[]
50929829,2018-10-14 19:18:06,Yeezer should be the name of the album Kanye releases after Yandhi. And Weezus be the name of the album Weezer rele‚Ä¶ https://t.co/EVn7s3ljIu,California,[]
627314754,2018-10-14 19:12:50,@gufetto_sama Kdkdididrkr Yandhi report√© pour la peine,,[]
51785050,2018-10-14 19:07:19,"@TeamKanyeDaily man, Yandhi gonna be fire can‚Äôt wait üî•","London, England",[]
3158707140,2018-10-14 19:04:23,@tinonyakurimwa @tapsmccoy @yeezyboosts @DenzelGuse @willismaenzani4 @phil_kakoma @AshleyMude @terryndoro‚Ä¶ https://t.co/CqubqusV63,"Harare, Zimbabwe",[]
2975697197,2018-10-14 18:55:23,"13 racist quotes Gandhi said about black ppl

And Kanye in Africa making yandhi 

 https://t.co/IJcK30r2Im",PRE CITI BIKE OLD Brooklyn,[]
554612610,2018-10-14 18:52:29,"ü§£ü§£ it‚Äôs funny how everyone switching up on Kanye but watch next month when yandhi drop niggas gon be captioning and quoting, all his shit",,[]
500084598,2018-10-14 18:43:21,@Curate_Angola üòÇüòÇüòÇüòÇüòÇüòÇüòÇüòÇ cuidado com os bolhas,,[]
25481591,2018-10-14 18:42:50,Everyone wants to cancel Kanye til they hear .00097 seconds of a possible Yandhi track then they‚Äôve forgotten all a‚Ä¶ https://t.co/9khHNKEBX6,"los angeles, ca",[]
127605133,2018-10-14 18:38:48,"'Yandhi' might fire, honestly.","614, Ohio",[]
1416316286,2018-10-14 18:37:44,That leaked track off of yandhi is crazy ü§Ø,uncg,[]
846583326,2018-10-14 18:34:57,Be great bruh Yandhi https://t.co/iedhLGQLbx,Planet Namek,[]
18399557,2018-10-14 18:33:49,@traptomcruise22 Need him on YANDHI,"Louisville, KY",[]
933819842808786944,2018-10-14 18:31:15,Can I sleep till November 23? YANDHI confirmed classic I can‚Äôt keep eating up these teasers https://t.co/AGdzvAwOkT,,[]
3072165487,2018-10-14 18:27:33,kanye purposely didn't drop yandhi because he wanted to wait to drop it for my birthday‚ù§Ô∏è,,[]
92948487,2018-10-14 18:26:25,@kanyewest I have a GOOD Feeling about this YANDHI album.  The Vibe is Right. Welcome Home.,"Kampala, Uganda, Africa",[]
3291207698,2018-10-14 18:26:10,If yandhi not crazy stoopid heat idk man thats the only way itll all make sense i think,"Queens, NY",[]
260140824,2018-10-14 18:20:05,@kanyewest making ‚ÄúYandhi‚Äù https://t.co/hTqGNoXSFl,Buffalo ,[]
1534484760,2018-10-14 18:17:16,Yandhi finna be a classic.. Don‚Äôt @ me,UpT√∏wn New Y√∂rk,[]
3311035430,2018-10-14 18:17:01,as√≠ va a sonar yandhi https://t.co/VmXnjRwvhY,"San Jos√©, Costa Rica",[]
403125421,2018-10-14 18:12:12,Yandhi is about to be the best album of 2018 just wait,,[]
851711349222764544,2018-10-14 18:04:03,Can't wait for @kanyewest's Yandhi to drop. #KanyeWestInUganda #VisitUganda https://t.co/tue5V6BzAC,Uganda,"[{'text': 'KanyeWestInUganda', 'indices': [44, 62]}, {'text': 'VisitUganda', 'indices': [63, 75]}]"
2945064645,2018-10-14 18:02:53,So Yandhi was the original album kanye was working on before Ye cus Drake said he wasn‚Äôt suppose to drop till October/November,"Detroit, MI",[]
867734931396546561,2018-10-14 18:02:00,we ain‚Äôt ready for YANDHI,,[]
1051034547599609856,2018-10-14 17:57:35,yandhi 29/9 https://t.co/Cr1nSkkEbo,aqui sufriendo,[]
2975697197,2018-10-14 17:57:09,"This nigga kanye in Africa 
But he named his album Yandhi üò≥",PRE CITI BIKE OLD Brooklyn,[]
1021124659025260545,2018-10-14 17:55:50,kanye saca yandhi pa mi cumple gracias @kanyewest,90's hip hop,[]
181768648,2018-10-14 17:51:29,Kanye West shows off his cringeworthy dance moves in Africa https://t.co/itQx2NlJ80 via @DailyMailCeleb  #MAGA,Flora-Bama Gulf Coast Florida,"[{'text': 'MAGA', 'indices': [105, 110]}]"
3252167126,2018-10-14 17:48:12,where the fuck is YANDHI,"San Francisco, CA",[]
2382419694,2018-10-14 17:40:59,"Kanye here reactivating accounts, doing livestreams, releasing new Yeezy V3‚Äôs...
But all we want is #YANDHI tho https://t.co/9IzZ00Ncy3",Belgium,"[{'text': 'YANDHI', 'indices': [100, 107]}]"
725914220894679040,2018-10-14 17:37:44,Watch @CoreeMoses's broadcast: Yandhi https://t.co/AEfjG5Th4B,"California, USA",[]
373087616,2018-10-14 17:36:28,Boycott Yandhi. Nobody download.,"moore, Oklahoma",[]
384983674,2018-10-14 17:34:45,Big Sean al√©jate de Yandhi todo lo que puedas por favor https://t.co/68aLClRvDK,Madrid / C√°ceres,[]
27185363,2018-10-14 17:32:48,I know I‚Äôm not the only person anticipating this Yandhi project,"Infinity, Sometimes Beyond.. ",[]
3469255936,2018-10-14 17:30:05,"Kanye made Yeezus, now making Yandhi.. I wouldn‚Äôt be surprised if his next ones called Yehammed",305 - 423,[]
111349854,2018-10-14 17:29:05,"@nbcsnl @Regran_ed from @global_tv  -  Are you Team Pete, Team Kanye or neither? I‚Äôm trying to see something.
.
.
.‚Ä¶ https://t.co/qXvsoNcl5u","New York, USA",[]
222002119,2018-10-14 17:24:44,"That YANDHI album cover is starting to make a lot sense, considering it looks like a remake of YEEZUS https://t.co/resdADBNDo","Nevada, USA",[]
45285124,2018-10-14 17:18:26,Kanye West reactivates Twitter account with bizarre video The rapper is currently in Uganda finishing his new album‚Ä¶ https://t.co/oDajovJ83B,Jakarta,[]
758100662,2018-10-14 17:11:47,Kanye West feat. Tyga &amp; Young Thug  -Bad Night  [YANDHI] https://t.co/OOGhOR8Zz9 via @YouTube,Chicago,[]
54311966,2018-10-14 17:11:46,yandhi really finna be a certified classic holy shit,"Atlanta, GA",[]
780629370,2018-10-14 17:10:51,Hey @kanyewest how do you expect me to listen to Yandhi on Black Friday when imma be bumping Thanksgiving‚Äôs Eve by @yunggravy all weekend?,,[]
242438593,2018-10-14 17:08:28,YANDHI sounds great üëçüèæ,"London, England",[]
2992703354,2018-10-14 16:57:12,"If yandhi is gonna be Kanye talking about the hat ion want it, keep it",,[]
2306944204,2018-10-14 16:56:58,Yandhi is that album. It‚Äôll be his best since MBDTF... just watch https://t.co/JJDujSrpK8,Celestial Mind,[]
2590334906,2018-10-14 16:47:47,Watch @CoreeMoses's broadcast: Yandhi https://t.co/KktfEhephV,,[]
1862803363,2018-10-14 16:44:34,"Ok, yandhi is about to be some heat if this is what he‚Äôs listening to. He has that look in his eye at the end https://t.co/awPDQIHX6D",,[]
980056053218934784,2018-10-14 16:32:52,Yandhi season approaching! https://t.co/67ReLOo1e4,South Africa,[]
589702377,2018-10-14 16:31:36,@TeamKanyeDaily @kanyewest Yandhi gonna be straight HEAT üî•üî•üî•,"Charleston, SC",[]
835559569053138945,2018-10-14 16:31:35,"YANDHI BITCH 

https://t.co/bkuxe9kiXj",Astroworld,[]
756149608141590528,2018-10-14 16:29:41,@yoAlvaroDiaz Drop YANDHI,M√©xico,[]
1349278177,2018-10-14 16:29:26,#News: Still about @kanyewest &amp; @KimKardashian in #Uganda üá∫üá¨ as the #hiphop star embraces #nature while working on‚Ä¶ https://t.co/yg80VSCU29,,"[{'text': 'News', 'indices': [0, 5]}, {'text': 'Uganda', 'indices': [54, 61]}, {'text': 'hiphop', 'indices': [72, 79]}, {'text': 'nature', 'indices': [94, 101]}]"
137408361,2018-10-14 16:28:17,Ye could keep YANDHI tbh,NY,[]
965376645598150662,2018-10-14 16:27:46,"Ye is in Uganda working on Yandhi. With all the controversy surrounding @kanyewest lately, how we feelin‚Äô about his‚Ä¶ https://t.co/I9udqoVDwC",,[]
298502392,2018-10-14 16:26:00,@olaf_vv @magda_pn To jak my gdy w ko≈Ñcu wyjdzie YANDHI :pray: calling @onemajk @DavtyanR2,"Tychy, Poland",[]
16958824,2018-10-14 16:25:38,@AdamWolpert1 Is he rhyming over beats from Yandhi or just beats from an unreleased catalogue of his here? It's so‚Ä¶ https://t.co/mzYe2ZWy7I,Ireland,[]
1522153146,2018-10-14 16:24:33,Podoba mi siƒô film Kanye West &amp; Tyga - Ye Only [YANDHI] *RAW SNIPPET* w @YouTube ‚Äì https://t.co/UgQsdpJkcu,Polska,[]
133555298,2018-10-14 16:23:43,ang yandhi hahahaha,,[]
446255489,2018-10-14 16:23:20,Kanye wanted to release Yandhi earlier yet he didn‚Äôt have a single track doneü§¶üèæ‚Äç‚ôÇÔ∏è I blame the Kardashians for thatüòÇ,Kampala ,[]
3044136472,2018-10-14 16:23:00,@youngrickysito @kanyewest Not gon hold u this the craziest I‚Äôve ever seen this man. Idk if these actions gonna end‚Ä¶ https://t.co/uihvsVMxB1,NY,[]
868572191914246144,2018-10-14 16:22:04,TheIndustryDoctors Kanye West Builds Outdoor Studio in Uganda to Record New Music: Kanye West goes to Africa to wor‚Ä¶ https://t.co/VtZ7auidaD,World Wide,[]
588330477,2018-10-14 16:21:53,Yandhi gonna be fire https://t.co/HjjgkjeP09,NJ ‚û°Ô∏è NC,[]
985497017022631938,2018-10-14 16:21:48,"Give This World Good Energy!

#Yandhi #KanyeWestInUganda #KanyeWest @kanyewest #PearlofAfrica #Uganda https://t.co/Vb9Nmga3T7","Kampala, Uganda","[{'text': 'Yandhi', 'indices': [30, 37]}, {'text': 'KanyeWestInUganda', 'indices': [38, 56]}, {'text': 'KanyeWest', 'indices': [57, 67]}, {'text': 'PearlofAfrica', 'indices': [79, 93]}, {'text': 'Uganda', 'indices': [94, 101]}]"
3171880162,2018-10-14 16:19:37,I liked a @YouTube video https://t.co/e0l2350Ygm Kanye West &amp; Tyga - Ye Only [YANDHI] *RAW SNIPPET*,,[]
2564846893,2018-10-14 16:19:00,Anybody know where Yandhi is at?,,[]
35913023,2018-10-14 16:18:22,Yandhi gonna be amazing,,[]
1541980916,2018-10-14 16:15:17,@c_drescher21 no one wants yandhi rn lol ye is wack asf,,[]
716482735901048832,2018-10-14 16:15:17,I liked a @YouTube video https://t.co/ZWHt4iH0mD Kanye West &amp; Tyga - Ye Only [YANDHI] *RAW SNIPPET*,"California, USA",[]
919214921073725440,2018-10-14 16:07:29,@TeamKanyeDaily top quality yandhi leak right here,fucking pangea,[]
2730028617,2018-10-14 16:07:11,"Bebe Cool Asks Kanye West to Feature Him On His New Album ""Yandhi"" ‚Äî Blizz Uganda https://t.co/KoBmIbTvZ9",kampala uganda,[]
957022222442532865,2018-10-14 16:04:31,"Back To Africa: Kanye West, Big Sean Ignore Nigeria, Ghana, Sets Up Studio, Records New Album Yandhi in¬†Uganda‚Ä¶ https://t.co/muDje0LIaK",nigeria,[]
547666983,2018-10-14 16:04:29,"Back To Africa: Kanye West, Big Sean Ignore Nigeria, Ghana, Sets Up Studio, Records New Album Yandhi in¬†Uganda‚Ä¶ https://t.co/AlaF6SEyNK",Nigeria,[]
418322330,2018-10-14 15:57:53,Yeah till yandhi drops and ye does 500k first week https://t.co/beyDiVRrEs,,[]
158051214,2018-10-14 15:56:20,if kanye was giving us a preview of yandhi some of them beats were fire fire üî•,·¥ò ü·¥ú·¥õ·¥è,[]
512366066,2018-10-14 15:53:59,smh why is drake becoming more respectable than kanye smh yandhi better slap smh,,[]
594080135,2018-10-14 15:52:54,"Na man tbh the last time kanye was trippin like this was for the goat groundbreaking yeezus,this yandhi has to be t‚Ä¶ https://t.co/UQ2dn7vZWI",,[]
856497097842896896,2018-10-14 15:49:06,@cloutboipoy ye‚Äôs a snicth bro..... but time heals all wounds!!! definitely still gonna listen to yandhi!!!!,90201,[]
220792402,2018-10-14 15:46:17,@defjam @bankulli #YANDHI by Yon World üåç https://t.co/qXQgCCKeKY,‚úàÔ∏èTraveling,"[{'text': 'YANDHI', 'indices': [18, 25]}]"
1051034547599609856,2018-10-14 15:36:15,es escuchar snippets de Yandhi y se me pone el pito feliz,aqui sufriendo,[]
2969130047,2018-10-14 15:34:22,I added a video to a @YouTube playlist https://t.co/XBe4FwKN7S Kanye West - Yandhi (Official Album) New 2018,,[]
220792402,2018-10-14 15:33:57,@kanyewest #YANDHI by Yon World üåç https://t.co/qXQgCCKeKY,‚úàÔ∏èTraveling,"[{'text': 'YANDHI', 'indices': [11, 18]}]"
220792402,2018-10-14 15:33:48,@kanyewest #YANDHI by Yon World üåç https://t.co/qXQgCCKeKY,‚úàÔ∏èTraveling,"[{'text': 'YANDHI', 'indices': [11, 18]}]"
574452487,2018-10-14 15:24:56,"Oh hey, he actually did it. Lit. Now please release Yandhi. Please. https://t.co/3aOjhrjXT5","Danville, IL",[]
941712333927096321,2018-10-14 15:23:50,I cant wait for the @realDonaldTrump feature on #YANDHI,"Boone, NC","[{'text': 'YANDHI', 'indices': [48, 55]}]"
198610308,2018-10-14 15:23:13,@DeadeyeSTdot I wonder if he heard the Yandhi roughs ü§î,,[]
16307668,2018-10-14 15:20:51,remember Yandhi???????,Melb // AU,[]
971743749796782080,2018-10-14 15:16:19,"@PawanKalyan Thamari paristhithi yandhi sir , Tirupati sabalu tharavatha !!",,[]
98610868,2018-10-14 15:16:13,Yandhi gonna be üî• https://t.co/SP0lV4FdqD,VOD ,[]
2756244787,2018-10-14 15:03:49,@traptomcruise22 @jeremyyyywest @kanyewest release Yandhi already your fans are wildin,≈ºo≈Çnierka z bombasu,[]
2746324019,2018-10-14 15:01:57,@archillect Black Skinhead 2 on yandhi confirmed,,[]
873889489,2018-10-14 15:01:17,I added a video to a @YouTube playlist https://t.co/idwkhiLqDo Kanye West &amp; Tyga - Ye Only [YANDHI] *RAW SNIPPET*,"ROCK BOTTOM,South Africa",[]
3012747454,2018-10-14 15:00:57,I liked a @YouTube video https://t.co/047HYdQnsT Kanye West &amp; Tyga - Ye Only [YANDHI] *RAW SNIPPET*,"Miami, FL",[]
101902861,2018-10-14 14:53:33,this music is epic af. i dont wanna hear nun but this on yandhi @kanyewest,NY,[]
4063268360,2018-10-14 14:48:46,"@crown_prince21 @kanyewest Whatever anyone has to say about him, at least he‚Äôs being more interactive with his fans‚Ä¶ https://t.co/mOyqDN4Ojc",Termina,[]
3214785894,2018-10-14 14:46:40,"Kanye West tiene que dejar esta pinshi canci√≥n en YANDHI!, Por favor diosito no dejes que la mand√© al carajo mientr‚Ä¶ https://t.co/8dljtwPobn",Mexico,[]
42102154,2018-10-14 14:43:58,Congrats to Def Sec Yandhi https://t.co/YzaKSz3KCW,Bay Area,[]
158051214,2018-10-14 14:43:31,Yandhi preview ??? https://t.co/yPd67iVV2i,·¥ò ü·¥ú·¥õ·¥è,[]
987069570,2018-10-14 14:42:30,@grmpgn C'est juste dr√¥le de voir Drake se donner le bon r√¥le dans une histoire de baston entre un charo et un bipo‚Ä¶ https://t.co/AHbaIBzFeM,„Ç≠„É©„Éº „Ç∫„Ç£„É§„Éº„Éâ,[]
262158807,2018-10-14 14:39:17,Kanye straight up crazy now. Yandhi better be worth it.,Ashburton Grove,[]
141909179,2018-10-14 14:33:44,Kanye West rocks out to a local music in Uganda&amp;#8230; where he&amp;#8217;s set to record his new Yandhi album https://t.co/Rc6ICdyYpH,"Kampala, Uganda",[]
2481939047,2018-10-14 14:28:09,Wow yandhi about to be my new favorite album https://t.co/noW1Ny4s4J,?,[]
985497017022631938,2018-10-14 14:26:55,@kanyewest Yandhi is going to be one of the greatest albums of all time coz of the positive love and energy and def‚Ä¶ https://t.co/SHGwCzJyc9,"Kampala, Uganda",[]
631540419,2018-10-14 14:25:54,Funniest thing is we will still play that Yandhi when it comes out üòÇüò´,"Paris, France",[]
408219132,2018-10-14 14:23:28,Yandhi https://t.co/PnQy9TDaz0,"Chicago, Illinois",[]
1015767240,2018-10-14 14:21:54,"The rapper is currently in Uganda finishing his new album, Yandhi. https://t.co/DjerBwxccx #musicnews","Dallas, GA","[{'text': 'musicnews', 'indices': [91, 101]}]"
3940001835,2018-10-14 14:21:42,I want Yandhi now üò©üî• https://t.co/sPQuR4k1oF,South Africa,[]
3133990387,2018-10-14 14:21:03,#yamlapagladeewanaphirse #YashikaAannand #YANDHI #YBLS #YCH #YdaleU #yesbank #YehDeshHaiHamara #YeanadiYeanadi #Yeg‚Ä¶ https://t.co/4nEqVgldfc,"Anand Vihar, New Delhi","[{'text': 'yamlapagladeewanaphirse', 'indices': [0, 24]}, {'text': 'YashikaAannand', 'indices': [25, 40]}, {'text': 'YANDHI', 'indices': [41, 48]}, {'text': 'YBLS', 'indices': [49, 54]}, {'text': 'YCH', 'indices': [55, 59]}, {'text': 'YdaleU', 'indices': [60, 67]}, {'text': 'yesbank', 'indices': [68, 76]}, {'text': 'YehDeshHaiHamara', 'indices': [77, 94]}, {'text': 'YeanadiYeanadi', 'indices': [95, 110]}, {'text': 'Yeg', 'indices': [111, 115]}]"
196703552,2018-10-14 14:19:17,"Kanye goin crazy crazy, Yandhi certified classic","PlugHouse, iL ",[]
904793408,2018-10-14 14:18:23,this video alone tells me YANDHI is gonna be fiyaaaaaaaaa https://t.co/LGPF0wLTHn,,[]
220792402,2018-10-14 14:12:04,@kanyewest #Yandhi by Yon World üåç https://t.co/qXQgCCKeKY,‚úàÔ∏èTraveling,"[{'text': 'Yandhi', 'indices': [11, 18]}]"
981241134319054848,2018-10-14 14:10:46,#YANDHI  https://t.co/L7umwUWWdp,,"[{'text': 'YANDHI', 'indices': [0, 7]}]"
18391569,2018-10-14 14:09:18,@ChunkDyer @kanyewest Yandhi another classic,Old Trafford,[]
2308371402,2018-10-14 14:08:48,Bro ye legit playing us yandhi lol,,[]
3423573700,2018-10-14 14:08:23,losing my faith idk how Yandhi gone sound after this stream,,[]
290217687,2018-10-14 14:07:55,Ye doing Yandhi recordings live right now on scope!!! https://t.co/kxulYK5qtA,Ahch-To ,[]
950538056934752256,2018-10-14 14:06:43,Ye Cooking Yandhi live on the ghetto kids' turf #uganda https://t.co/H9qvaNrnWH,Dakar | Douala | Yaound√©,"[{'text': 'uganda', 'indices': [48, 55]}]"
479050925,2018-10-14 14:05:05,"If Yandhi has a @6ix9ine feature on it @kanyewest can go fuck himself, that ain't it cheif  #Kanye #yandhi  #isis‚Ä¶ https://t.co/ZiPqG8slgn",NZL,"[{'text': 'Kanye', 'indices': [92, 98]}, {'text': 'yandhi', 'indices': [99, 106]}, {'text': 'isis', 'indices': [108, 113]}]"
1036730898971090944,2018-10-14 14:03:48,@kanyewest release yandhi,HH-City,[]
995117861457793024,2018-10-14 14:02:40,@kanyewest drop yandhi,"Joliet, IL",[]
876494190833696768,2018-10-14 14:02:37,"This looks like something out of 2001: A Space Odyssey. 

Yandhi confirmed a classic. https://t.co/16EtLdbl83","Libertyville, IL",[]
981453831887314944,2018-10-14 14:02:25,@kanyewest Yandhi is gonna be fire,,[]
478731695,2018-10-14 14:02:08,"Kanye West na Kim Kardashian watinga nchini Uganda: Wasanii wakubwa nchini Marekani, Kanye West na Big Sean wametua‚Ä¶ https://t.co/5tiS2n1P06",Tanzania,[]
976914438568710145,2018-10-14 14:01:43,@dh_simba7 @KayJayHill Release YANDHI,,[]
235226747,2018-10-14 13:57:54,Okay update: I don't want to listen to YANDHI anymore,somewhere in the universe,[]
1036730898971090944,2018-10-14 13:57:08,@kanyewest release yandhi,HH-City,[]
1552850802,2018-10-14 13:55:18,"@kanyewest Since your recording Yandhi in Uganda, can your fans pass by Chobe Lodge?  For African Inspiration","Kampala, Uganda",[]
920707576462966785,2018-10-14 13:54:04,https://t.co/6ec88fyOFV ‚Äî Kanye West rocks out to a local music in Uganda... where he's set to record his new Yandh‚Ä¶ https://t.co/7cySqy9YGb,Africa/USA,[]
1048320567265452032,2018-10-14 13:52:34,@kanyewest Yandhi after Kanye‚Äôs trip to Africa üòÇüòÇ https://t.co/b1bAORS6rR,,[]
78178947,2018-10-14 13:52:01,@kanyewest YANDHI SEASON,You know what the Midwest is?,[]
808836871111475200,2018-10-14 13:51:48,@kanyewest running from yandhi,"Madison, Wisconsin",[]
3004614046,2018-10-14 13:51:44,@kanyewest Drop yandhi,,[]
2360743302,2018-10-14 13:51:43,@kanyewest run and drop Yandhi.,On An Ultralight Beam,[]
1465726861,2018-10-14 13:39:40,"Kanye West reactivates Twitter account with bizarre video The rapper is currently in Uganda finishing his new album, Yandhi.",,[]
1000134596653088768,2018-10-14 13:38:00,@doritoazeitado üåäüèä‚Äç‚ôÇÔ∏èüèä‚Äç‚ôÇÔ∏è where tf is yandhi at üòîüò¢üèä‚Äç‚ôÇÔ∏èüèä‚Äç‚ôÇÔ∏èüåä,"Porto, Portugal",[]
866473945398104064,2018-10-14 13:22:41,„Ç´„Éã„Ç®„ÅÆ„Éà„É©„É≥„Éó„Å®„ÅÆ‰ºöË´á„ÅØ„ÄÅ„Åü„Å®„ÅàÁõ∏Êâã„Åå„É¨„Ç§„Ç∑„Çπ„Éà„Åß„ÇÇ‚Äù„Éò„Ç§„Éà‚Äù„Çà„Çä„ÇÇ‰∏ÄÂ∫¶‚Äù„É©„Éñ‚Äù„ÇíË©¶„Åø„Çà„ÅÜ„Å®„ÅÑ„ÅÜ‰∏ÄÂë®Êç©„Çå„Åü„Éà„É©„É≥„ÉóÊîØÊåÅ„ÅÆÁèæ„Çè„Çå„Åß„ÄÅ„Å†„Åã„ÇâÊñ∞‰Ωú„Çí„ÄåYANDHI„Äç‚âí„Äå„Ç¨„É≥„Ç∏„Éº„Äç„Å®Âêç„Å•„Åë„Åü„Çè„Åë„Åß„ÄÅ‰∏ÄË¶ãÊÑèÂë≥ÁÑ°Ëå∂Ëã¶Ëå∂„Å™„Çà„ÅÜ„Åß„Ç´„Éã„Ç®„ÅÆ‰∏≠„Åß„ÅØ‰∏ÄË≤´„Åó„Å¶„Çã„ÅÆ„Å†„Çç„ÅÜ„ÄÇ,Êó•Êú¨,[]
937371094016823296,2018-10-14 13:15:17,@fruufoo @kanyewest wann soll yandhi jz eig kommen,,[]
180580662,2018-10-14 13:02:09,"Kanye West, Wife Kim Kardashian, Are In Uganda To Record New Album ‚ÄòYandhi‚Äô https://t.co/FQn2wKR4Lk https://t.co/kubZquKTzw",Kenya,[]
60265603,2018-10-14 12:57:26,"Kanye West, Wife Kim Kardashian, Are In Uganda To Record New Album ‚ÄòYandhi‚Äô https://t.co/h9mu8xDLNK",Africa,[]
856470006099476480,2018-10-14 12:53:16,Kanye West Recording in Africa for his New Album Yandhi.: https://t.co/CN1FGhtNpv via @YouTube,"Accra, Ghana",[]
904793408,2018-10-14 12:39:40,"so amped for YANDHI, you know this shit is gonna be full of vibes",,[]
58819204,2018-10-14 12:32:38,"Track no. 1 in Yandhi album first verse ""Went to the White House met Trump and they called it propaganda/Two days l‚Ä¶ https://t.co/PBFsaIUhtv","Kampala,Uganda",[]
910547169488392192,2018-10-14 12:29:20,Kanye West rocks out to a local music in Uganda... where he's set to record his Yandhi album #TrendingNow #Viral‚Ä¶ https://t.co/2DBa4KqDAx,,"[{'text': 'TrendingNow', 'indices': [93, 105]}, {'text': 'Viral', 'indices': [106, 112]}]"
170223300,2018-10-14 12:27:13,"Kanye West and Wife Kim Kardashian, Are In Uganda To Record New Album ‚ÄòYandhi‚Äô https://t.co/mbT1l0zv0l‚Ä¶ https://t.co/j6Bs7N6ZTS",Nairobi,[]
756862130142515200,2018-10-14 12:26:19,"Kanye West and Wife Kim Kardashian, Are In Uganda To Record New Album ‚ÄòYandhi‚Äô https://t.co/gHq6dVNgvH  https://t.co/7yPXNzUAdP",,[]
960239997633867777,2018-10-14 12:25:00,"@isidroskricardo @djistood @joaopedro_frf O ye t√° um grande pitz merda, mas acredito que o Yandhi vai ser puta albu‚Ä¶ https://t.co/N8omFEcxzY",,[]
16712223,2018-10-14 12:24:06,"Kanye West and Wife Kim Kardashian, Are In Uganda To Record New Album ‚ÄòYandhi‚Äô https://t.co/7hHtzq2I3T #KahawaTungu https://t.co/I7xmVbFpyP",Kenya,"[{'text': 'KahawaTungu', 'indices': [103, 115]}]"
382564975,2018-10-14 12:23:40,"Kanye West and Wife Kim Kardashian, Are In Uganda To Record New Album ‚ÄòYandhi‚Äô https://t.co/9RGott9Fgf https://t.co/XfIw5mLWcM","Nairobi, Kenya",[]
2962923581,2018-10-14 12:20:17,"@djistood @joaopedro_frf Nepia, kanye j√° foi vision√°rio agora t√° a descambar, o ye n√£o t√° nada de especial em rela√ß‚Ä¶ https://t.co/O64OYvRjVi",Leiria//Ericeira,[]
1543135116,2018-10-14 12:19:05,If you buy or stream ANY track from Kanye West's Yandhi (or any album going forward) don't talk to me you orange juice drinking ass hoe.,In the Doomsday Machine,[]
500084598,2018-10-14 12:09:53,@factosdabanda üëå‚òùÔ∏è,,[]
964178960673267712,2018-10-14 12:03:46,Kanye West shows off his cringeworthy dance moves in Africa https://t.co/oRUPD6TM9W @DailyMailCeleb,,[]
252639324,2018-10-14 11:53:05,Kanye West rocks out to a local music in Uganda... where he's set to record his Yandhi album https://t.co/CRBHkjdblR - Via DailyMail,USA,[]
479733378,2018-10-14 11:43:28,#YANDHI https://t.co/AKbXxixeJD,Brum Town,"[{'text': 'YANDHI', 'indices': [0, 7]}]"
482880298,2018-10-14 11:41:31,"@BlackkkJason Laisse le terminer Yandhi d√©j√† üò≠üò≠üò≠
Mais ouais j'esp√®re de tout mon c≈ìur.",X's gekyume,[]
3614970252,2018-10-14 11:26:48,If @kanyewest new album #YANDHI  sound anything like this....üôèüî• https://t.co/jucW7KoMHb,"Perth, Australia","[{'text': 'YANDHI', 'indices': [24, 31]}]"
1197462558,2018-10-14 11:23:08,Yandhi‚Äôs about to be fire https://t.co/s3kJd9ybL1,Guilderland,[]
26772216,2018-10-14 11:15:42,"kanye is in Africa, i won't be surprised if he comes for the #Felabration2018 

#Fela80 #Yandhi #ye #kanye https://t.co/4UzTICWiMt","√úT: 8.46724,4.56866","[{'text': 'Felabration2018', 'indices': [61, 77]}, {'text': 'Fela80', 'indices': [80, 87]}, {'text': 'Yandhi', 'indices': [88, 95]}, {'text': 'ye', 'indices': [96, 99]}, {'text': 'kanye', 'indices': [100, 106]}]"
1033272041724674049,2018-10-14 11:11:59,Imagine if @kanyewest made a Big Brother 2.0 from the Graduation on #YANDHI,,"[{'text': 'YANDHI', 'indices': [68, 75]}]"
935945249062612992,2018-10-14 11:03:43,"#EntertainmentNews 

Kanye west is in Uganda to record his ninth studio album, Yandhi.

He got straight into the mu‚Ä¶ https://t.co/x58ZGrU2Vm","Kampala, Uganda","[{'text': 'EntertainmentNews', 'indices': [0, 18]}]"
38188541,2018-10-14 10:57:01,"Repost ourgenerationmusictv

Kanye West in Uganda with Big Sean working on ‚ÄòYandhi‚Äô üëÄ

.
.
#newsong #article‚Ä¶ https://t.co/9HuSIWlmw3","Florida, USA","[{'text': 'newsong', 'indices': [91, 99]}, {'text': 'article', 'indices': [100, 108]}]"
1349278177,2018-10-14 10:51:50,"#News: @kanyewest, wife @KimKardashian, family &amp; #music crew in #Uganda üá∫üá¨ for a private retreat &amp; mission to compl‚Ä¶ https://t.co/wGYcs0Lqgk",,"[{'text': 'News', 'indices': [0, 5]}, {'text': 'music', 'indices': [53, 59]}, {'text': 'Uganda', 'indices': [68, 75]}]"
468469644,2018-10-14 10:50:18,"Kanye West is in Uganda, East Africa, to record his ninth studio album, Yandhi. However,Ye ensured he still touched‚Ä¶ https://t.co/t8PGJsWKPb","6.643504,3.335381",[]
741904579000995841,2018-10-14 10:33:53,"@LethaboSix Yes, #Yandhi !He is dropping it on Black Friday in November, he is currently in west africa recording the rest of it.",,"[{'text': 'Yandhi', 'indices': [17, 24]}]"
4896392939,2018-10-14 10:25:23,Can't wait till YANDHI drops and Trump tweets the iTunes link with the caption ‚ÄúGreat album!‚Äù,,[]
1099476662,2018-10-14 10:11:50,Me waiting for Yandhi : https://t.co/dVWIjNMzvm,Paris,[]
1031246544593453057,2018-10-14 10:09:18,@21savage Drop Yandhi,"Cork, Ireland",[]
929736671322628096,2018-10-14 09:56:08,Dear @kanyewest as you create the #YANDHI album keep the Earth's frequency in mind.,"Nairobi, Kenya","[{'text': 'YANDHI', 'indices': [34, 41]}]"
852270195758510081,2018-10-14 09:49:31,"@RamzZy_ This is where it started.üòÇ
I don't know why you started talking about Kanye not being peak Kanye. He doesn‚Ä¶ https://t.co/mfl6EpqXLt",Here,[]
858711661322096640,2018-10-14 09:47:34,#Uganda-n singer @BebeCoolUG #BebeCool asks to be part of #American rapper @kanyewest #KanyeWest aka Ye's a new alb‚Ä¶ https://t.co/itNzhtLqpi,"Kampala, Uganda","[{'text': 'Uganda', 'indices': [0, 7]}, {'text': 'BebeCool', 'indices': [29, 38]}, {'text': 'American', 'indices': [58, 67]}, {'text': 'KanyeWest', 'indices': [86, 96]}]"
478731695,2018-10-14 09:34:04,"Kanye West na Kim Kardashian Watua Nchini Uganda: Wasanii wakubwa nchini Marekani, Kanye West na Big Sean wametua n‚Ä¶ https://t.co/3QjJNvDHEE",Tanzania,[]
1560198092,2018-10-14 09:26:54,"Jsais pas vous mais je sens que YANDHI , l‚Äôalbum que YE est venu cl√¥turer en Afrique va √™tre une tuerie mortelle.",Cameroun,[]
927829818544189440,2018-10-14 09:22:46,"This is your last chance with Yandhi Mr West.
Speaking for the Musical Kanye.","Nairobi, Kenya",[]
1277570270,2018-10-14 09:19:39,"Gagamel singer Bebe Cool has asked American rapper Kanye West aka Ye to allow him be part of #Yandhi album. 

‚ÄúAt t‚Ä¶ https://t.co/PkXUaE5oTm",Kampala,"[{'text': 'Yandhi', 'indices': [93, 100]}]"
403409653,2018-10-14 09:09:03,@loldreak @gaspar_lee007 Can't wait for his next work!!! Yandhi,"Accra, Ghana",[]
804758525905801217,2018-10-14 09:04:23,https://t.co/dgNun2Qay1,Uganda,[]
862261113009954816,2018-10-14 09:01:53,Yandhi #BAFANL #BigPlay #Britball #Coach #DonaldTrump #HeadCoach #KanyeWest #President #Trump #Uniball #nfl #nfluk‚Ä¶ https://t.co/es934zOoKY,,"[{'text': 'BAFANL', 'indices': [7, 14]}, {'text': 'BigPlay', 'indices': [15, 23]}, {'text': 'Britball', 'indices': [24, 33]}, {'text': 'Coach', 'indices': [34, 40]}, {'text': 'DonaldTrump', 'indices': [41, 53]}, {'text': 'HeadCoach', 'indices': [54, 64]}, {'text': 'KanyeWest', 'indices': [65, 75]}, {'text': 'President', 'indices': [76, 86]}, {'text': 'Trump', 'indices': [87, 93]}, {'text': 'Uniball', 'indices': [94, 102]}, {'text': 'nfl', 'indices': [103, 107]}, {'text': 'nfluk', 'indices': [108, 114]}]"
828146382,2018-10-14 09:01:33,I added a video to a @YouTube playlist https://t.co/NSWGw6t0Z4 Kanye West &amp; Tyga - Ye Only [YANDHI] *RAW SNIPPET*,California,[]
828146382,2018-10-14 09:01:18,I added a video to a @YouTube playlist https://t.co/NSWGw6bq7w Kanye West &amp; Tyga - Ye Only [YANDHI] *RAW SNIPPET*,California,[]
1013449484053905410,2018-10-14 08:47:40,XXXTENTACION on Yandhi and Deadstar 2 üò©,France,[]
2824816143,2018-10-14 08:46:45,@TheCitizenTZ *to make music for his upcoming album #yandhi.,"Arusha, Tanzania","[{'text': 'yandhi', 'indices': [52, 59]}]"
1276379856,2018-10-14 08:44:25,https://t.co/KASwgxTEh6 https://t.co/KASwgxTEh6,KAMPALA ,[]
848190912,2018-10-14 08:38:46,Bebe Cool has come out openly and written a letter to American rapper Kanye West while begging him for a collabo on‚Ä¶ https://t.co/gINvUG7CC8,Kampala Uganda,[]
14305560,2018-10-14 08:38:13,"Karena Yandhi rilis masi akhir Nov, gue bikin langsung aja deh konten VONIS utk YSIV, Tha Carter IV &amp; Kamikaze. Klamaan kalau nunggu Ye.",Indonesia,[]
1443257786,2018-10-14 08:38:08,Bebe Cool has come out openly and written a letter to American rapper Kanye West while begging him for a collabo on‚Ä¶ https://t.co/9bLjExaVYp,"Kampala,Uganda",[]
933247154,2018-10-14 08:36:56,If Yandhi is fire imma have to cop a MAGA,Texas,[]
728626740617170944,2018-10-14 08:35:59,"Best album of all time soon Land, mark my words. #YANDHI #YE https://t.co/iSXz5WqaS1",Eldoret,"[{'text': 'YANDHI', 'indices': [49, 56]}, {'text': 'YE', 'indices': [57, 60]}]"
14305560,2018-10-14 08:34:37,Kanye nih kapan sih rilis YANDHI ?,Indonesia,[]
2939158556,2018-10-14 08:32:03,Yandhi is gonna be the greatest album of all time https://t.co/qNQWkePorW,NOLA,[]
2363844589,2018-10-14 08:15:01,Here is how Ugandan record  label @SwangzAvenue landed a deal to record @kanyewest's songs https://t.co/M3hWfJjp5t.‚Ä¶ https://t.co/gefekZFDYZ,Uganda,[]
2945971995,2018-10-14 08:11:22,@kanyewest can we just get yandhi or something,,[]
740442613854142464,2018-10-14 08:09:49,@raykarolia Yeah. That hasn‚Äôt changed. I‚Äôm actually glad Yandhi was delayed though.,some lush garden. maybe a nursery.,[]
1041571194,2018-10-14 08:02:27,I liked a @YouTube video https://t.co/ttzwT2HgxQ Kanye West &amp; Tyga - Ye Only [YANDHI] *RAW SNIPPET*,California,[]
249808754,2018-10-14 07:57:37,Kanye West breaks into dance on visit to Uganda  - Wiz Kid tune  https://t.co/K4WoNqNrU8 @DailyMailCeleb,"London, England",[]
299394478,2018-10-14 07:49:57,I feel like Ye chose Uganda cuz he just might twist that word and fit it with the Yandhi concept somehow.,Going Banksy on Writer's Block,[]
1032686196441448448,2018-10-14 07:48:17,@laflurer @LILUZIVERT he's dropping the same day Yandhi dropsüëì,,[]
1539659851,2018-10-14 07:47:32,"Kanye West na familia yake wapo nchini Uganda, wameongozana na rapper Big Sean kwenye ujio wao barani Afrika. Wamet‚Ä¶ https://t.co/ISZfq3sJSo",Pride Fm Radio ,[]
4835260737,2018-10-14 07:47:23,Kanye's ego is in full swing and with that I'm certain Yandhi is a CLASSIC!!,"Lagos, Nigeria",[]
482880298,2018-10-14 07:33:51,Watch me faint if there's African beats on Yandhi.,X's gekyume,[]
841530246,2018-10-14 07:28:52,@BwahaDenise *Swangz Avenue* boys been bragging they working with Ye on #Yandhi Really?  üòÇüòÇ,All around the World,"[{'text': 'Yandhi', 'indices': [72, 79]}]"
1130393078,2018-10-14 07:28:51,Kanye West &amp; Tyga - Ye Only [YANDHI] *RAW SNIPPET* https://t.co/lpIpZKF8VF via @YouTube,burbs,[]
734382994564087808,2018-10-14 07:22:16,"@zekeiscrying I‚Äôm not excited for the Kanye. I‚Äôm gonna listen to it, but I‚Äôm not staying up at night thinking about Yandhi.",,[]
978835212,2018-10-14 07:14:32,"Please do not come to the promised land (Kenya )  Kanye, I hear nowadays u've become a bitch. Hatuhitaji mama mwing‚Ä¶ https://t.co/oFRsx9G0KT",,[]
973269186,2018-10-14 07:13:05,Kanye is finishing recording Yandhi in the White House,,[]
44859004,2018-10-14 07:12:31,Uganda make sure Yandhi is mixed and mastered with perfection bro https://t.co/igJiw7qcoV,Heaven,[]
3094346291,2018-10-14 07:08:19,"Latest Showbiz News 
Kanye West rocks out to a local music in Uganda... where he's set to record his Yandhi album‚Ä¶ https://t.co/GbUS4SCNBx",,[]
374484765,2018-10-14 07:07:51,"From the White house to Uganda, #KanyeWest and #KimKardashian are set to explore Africa. 

In a recent interview, h‚Ä¶ https://t.co/YV1LIOaKiQ",Nigeria,"[{'text': 'KanyeWest', 'indices': [32, 42]}, {'text': 'KimKardashian', 'indices': [47, 61]}]"
228298953,2018-10-14 07:03:45,Yandhi = #Uganda for now üòÖüòÖ https://t.co/DzMHCl66jk,Uganda,"[{'text': 'Uganda', 'indices': [9, 16]}]"
3507117117,2018-10-14 07:03:09,Kanye West rocks out to a local music in Uganda... where he's set to record his new Yandhi album‚Ä¶ https://t.co/xHUCKsRLRI,United States,[]
2874952994,2018-10-14 07:01:37,"Kanye was suppose to be in Africa prolly recording his records for Yandhi, what the fuck are you doing in the white house","Los Angeles, CA",[]
987676430539546624,2018-10-14 06:53:12,Im boycotting kanye til yandhi,,[]
996122425946501121,2018-10-14 06:46:54,HEY @KANYEWEST I'M KEEPING MY GRANDMA IN THIS CAGE UNTIL YOU DROP #YANDHI https://t.co/pzoaCaxhHA,downtown,"[{'text': 'YANDHI', 'indices': [66, 73]}]"
754581262648512512,2018-10-14 06:38:44,yandhi szn,"Dallas, TX",[]
2559580177,2018-10-14 06:35:46,"@kanyewest 

Word around town is that #Yandhi drops on Black Friday this year. Imma' tell you now...if you pull som‚Ä¶ https://t.co/e7XlxZUM22",Blackland,"[{'text': 'Yandhi', 'indices': [38, 45]}]"
972337112585564160,2018-10-14 06:29:41,@TheeOngweso @KagutaMuseveni @KimKardashian @TEYANATAYLOR @BigSean Bagandas gonna feel #yandhi 1st wakanda madness is this..am jealous ü§£ü§£,,"[{'text': 'yandhi', 'indices': [87, 94]}]"
566547765,2018-10-14 06:28:28,Excited na kaykos Yandhi üî•üî•,Straight Outta Duma,[]
1010432945251856389,2018-10-14 06:15:33,"Kim Kardashian and the rapper, who recently changed his name to YE, are in a safari lodge near the River Nile in th‚Ä¶ https://t.co/oLFmGWXCXO","Nairobi, Kenya - Super City",[]
227385309,2018-10-14 06:06:29,Uganda....not yandhi https://t.co/1SGC5SMtbS,Uganda,[]
62536719,2018-10-14 05:56:27,"#GetToKnow Kanye West na familia yake wapo nchini Uganda, wameongozana na rapper Big Sean kwenye ujio wao barani Af‚Ä¶ https://t.co/Ca91jg6jic","√úT: -6.785558,39.227636","[{'text': 'GetToKnow', 'indices': [0, 10]}]"
112840704,2018-10-14 05:43:09,Tyga was eating his wheaties on that raw ‚ÄòYandhi‚Äô track man,cash.me/indigo33,[]
86065859,2018-10-14 05:32:25,"Kanye retrasa la salida de ‚ÄòYandhi‚Äô, su nuevo disco https://t.co/rxtDter1jb",Venezuela,[]
298093080,2018-10-14 05:16:11,I liked a @YouTube video https://t.co/lP9VAUqCai Kanye West &amp; Tyga - Ye Only [YANDHI] *RAW SNIPPET*,,[]
846868610505170944,2018-10-14 05:14:31,@therealmikedean Please tell me this doesn‚Äôt mean you won‚Äôt be working on Yandhi,,[]
1030749968,2018-10-14 05:04:44,@zaemynameplz @jay_swiish @CokeBoyNazario Just wait til yandhi,"Wichita Falls, TX",[]
109401386,2018-10-14 05:03:50,Kanye and Kim escape the noise to an awesome getaway....Uganda. The famous family couldn't  have chosen any better!‚Ä¶ https://t.co/X8xIR8ztG2,"United States, Uganda, Rwanda",[]
459901839,2018-10-14 04:54:14,I liked a @YouTube video https://t.co/YrqpqgA8zd Kanye West &amp; Tyga - Ye Only [YANDHI] *RAW SNIPPET*,Sacramento ,[]
714302960646234112,2018-10-14 04:51:38,@kanyewest kanye is gonna mind control us to forget about yandhi and the summer albums,Australia,[]
319900418,2018-10-14 04:43:17,"If this is the #Yandhi vibe, IM HERE FOR IT YE!!!!! @kanyewest üôåüèΩüôåüèΩüôåüèΩüôåüèΩüôåüèΩ https://t.co/8PKzIfSh2g","Los Angeles, CA","[{'text': 'Yandhi', 'indices': [15, 22]}]"
33386760,2018-10-14 04:27:25,Yup....Yandhi gonna be a classic. https://t.co/cpruPsxKkQ,,[]
778536632,2018-10-14 04:23:55,Kanye West sets up a temporary studio in Uganda #Yandhi Vibes.,"Nairobi, Kenya","[{'text': 'Yandhi', 'indices': [48, 55]}]"
2615787163,2018-10-14 04:10:01,@youngthug Did Ye put you on Yandhi?,„Ç´„É™„Éï„Ç©„É´„Éã„Ç¢,[]
1674420954,2018-10-14 03:50:12,@takalanialex @juanmeza1993 @anadyjoe @Tip @XXL Plus when was the last time you heard someone get hyped for a T.I.‚Ä¶ https://t.co/I8J5STK4yZ,In the weight room,[]
1027228765078913024,2018-10-14 03:41:50,I know Yandhi still hasn‚Äôt come out but I‚Äôm really just excited for Kanye‚Äôs third part of the Yeezus series: Yargaret Thatcher,,[]
2574129041,2018-10-14 03:41:36,I swear if yandhi is mid ima be hella upset,"Los Angeles, CA",[]
1014172002,2018-10-14 03:34:55,as controversial as kanye is.. yandhi is going to be amazing,"Washington, USA",[]
404443709,2018-10-14 03:31:16,@Planet_Dodger Afro beats on top  now.. that's why you see 60% of American rappers wanna associate with african art‚Ä¶ https://t.co/V0NfTOCJza,"Harare, Zimbabwe",[]
1617122150,2018-10-14 03:30:25,Ima drop a tape the same day as YANDHI to show the world I‚Äôm out creating Kanye,ATL,[]
4369070604,2018-10-14 03:28:50,I'm still mad Yandhi didn't drop this month,,[]
293944456,2018-10-14 03:24:25,Me listening to Yandhi when it finally drops https://t.co/EmvEWfm0aP,In Between Humble and Hell Nah,[]
2914872117,2018-10-14 03:23:57,I liked a @YouTube video https://t.co/o6vw7ttnOv Kanye West &amp; Tyga - Ye Only [YANDHI] *RAW SNIPPET*,,[]
2557200492,2018-10-14 03:22:51,@alexisrosales95 I wholeheartedly believe that Yandhi will be a classic,,[]
1309136124,2018-10-14 03:18:52,Kanye West feat. Tyga &amp; Young Thug  -Bad Night  [YANDHI] https://t.co/PCKWJ058Bf via @YouTube,615 ‚Ä¢ atl,[]
354281860,2018-10-14 03:18:24,Also political shit aside....Yandhi needs to drop,"Fresno, CA",[]
430359340,2018-10-14 03:17:18,#Yandhi https://t.co/No9REEubfd,Minnesota,"[{'text': 'Yandhi', 'indices': [0, 7]}]"
311644005,2018-10-14 03:09:42,Kanye West rocks out to a local music in Uganda‚Ä¶ where he‚Äôs set to record his Yandhi¬†album https://t.co/cC3ktNxOcV https://t.co/RpIvlCtxDy,,[]
984147709371219969,2018-10-14 02:51:44,@KanyePodcast It‚Äôs not for Yandhi though,"Detroit, MI",[]
241387226,2018-10-14 02:47:49,I liked a @YouTube video https://t.co/LoGNR5FYA5 Kanye West - 80 degrees [YANDHI Snippet],"Philadelphia,PA",[]
767658752,2018-10-14 02:46:06,Kanye West rocks out in tent in Uganda where he's set to record Yandhi https://t.co/VJKrqsI9Ek,,[]
1120061436,2018-10-14 02:41:05,Kanye West rocks out to a local music in Uganda... where he's set to record his new Yandhi album - Daily Mail https://t.co/HGVRq6R4sE,,[]
2585177586,2018-10-14 02:29:18,@KNARLYdb Yandhi szn whatever it takes,,[]
219857210,2018-10-14 02:23:56,I understand that recent events have caused for a lot of ye fans to leave the fandom. so when he drops yandhi drops‚Ä¶ https://t.co/JRgcFsU6iM,Toronto,[]
88262457,2018-10-14 02:21:08,Kanye West rocks out to a local music in Uganda... where he's set to record his Yandhi album https://t.co/44jIaGpr8D https://t.co/AtcAGiIKDv,new york city,[]
849270473825423360,2018-10-14 02:19:44,"@kanyewest, I'mma keep it real witcha Chief, after all you put your fans through...how hard you've made it for us t‚Ä¶ https://t.co/Mk44hCJ2kS","Jackson, MS",[]
969395940531605506,2018-10-14 02:14:40,@cqgator I need YANDHI,"Gainesville, FL",[]
1009409776739110912,2018-10-14 02:13:37,Yandhi gon slap.,"‚Ä¢ colorwave, tx ‚Ä¢",[]
982644902575116290,2018-10-14 02:09:15,#10houseart #art #design #photoshop #music #kanye #kanyewest #CollegeDropout #LateRegistration #808s #MBDTF #Yeezus #Pablo #Ye #yandhi,"Indianapolis, IN","[{'text': '10houseart', 'indices': [0, 11]}, {'text': 'art', 'indices': [12, 16]}, {'text': 'design', 'indices': [17, 24]}, {'text': 'photoshop', 'indices': [25, 35]}, {'text': 'music', 'indices': [36, 42]}, {'text': 'kanye', 'indices': [43, 49]}, {'text': 'kanyewest', 'indices': [50, 60]}, {'text': 'CollegeDropout', 'indices': [61, 76]}, {'text': 'LateRegistration', 'indices': [77, 94]}, {'text': '808s', 'indices': [95, 100]}, {'text': 'MBDTF', 'indices': [101, 107]}, {'text': 'Yeezus', 'indices': [108, 115]}, {'text': 'Pablo', 'indices': [116, 122]}, {'text': 'Ye', 'indices': [123, 126]}, {'text': 'yandhi', 'indices': [127, 134]}]"
3011968845,2018-10-14 02:09:12,Kanye West rocks out to a local music in Uganda... where he's set to record his new Yandhi album,Site coming soon!,[]
912203069395410944,2018-10-14 02:06:49,It‚Äôs official Kanye has changed the name of his next album from ‚ÄúYandhi‚Äù to ‚ÄúYonald‚Äù,"Riverside, CA",[]
1040626748637949952,2018-10-14 01:59:07,"@bxntou @prof_de_qualite @__jlgr @Thafath22 @Samra_khomrya C'√©tait une comparaison.
Mode de vie √† vous, mode de vie‚Ä¶ https://t.co/Xhwqe7Tj5G",Eresos (Grece),[]
2638241188,2018-10-14 01:55:35,If Yandhi sound anything like this..... ya niggas needa pack ya shit. https://t.co/DKz0MAqHxB, NYC,[]
934250781649367041,2018-10-14 01:51:12,Kanye should really just stop talking. He doesn't know what he's talking about and he doesn't even know what he sup‚Ä¶ https://t.co/CTF4ucMBWy,Another level,[]
319507869,2018-10-14 01:44:33,I‚Äôm gonna need more piano on Yandhi,330,[]
2865078099,2018-10-14 01:42:51,"yandhi album of the year
#faith
#stamped",,"[{'text': 'faith', 'indices': [25, 31]}, {'text': 'stamped', 'indices': [32, 40]}]"
152146866,2018-10-14 01:42:03,@garvs22 @kanyewest Where is #YANDHI,minne/mich/chi,"[{'text': 'YANDHI', 'indices': [29, 36]}]"
2185702962,2018-10-14 01:41:10,Only Yandhi Raw Snippets,,[]
876494190833696768,2018-10-14 01:36:28,@ZahaZazzy @KanyePodcast I'm just waiting for Yandhi to blow both out of the water.,"Libertyville, IL",[]
3068685593,2018-10-14 01:35:41,@kanyewest So can we still expect #YANDHI to drop next month or nah? https://t.co/q8zc6Y1gKB,South Carolina,"[{'text': 'YANDHI', 'indices': [34, 41]}]"
860130919272898560,2018-10-14 01:30:55,@TeamKanyeDaily His corny ass better not be on Yandhi,"Brooklyn, NY",[]
1046452662072483840,2018-10-14 01:29:41,"Two weeks. Silence.

We need Bound 3, Yeezy, pls.",,[]
3312699031,2018-10-14 01:26:05,Yandhi,"Joplin, MO",[]
149973513,2018-10-14 01:22:27,i feel for ye because if yandhi flops man it's over,,[]
35442564,2018-10-14 01:20:03,I liked a @YouTube video https://t.co/vlx7Z8rxc4 Kanye West is in Africa working on Yandhi,"New Orleans, Louisiana",[]
194149078,2018-10-14 01:18:38,YANDHI COMINGGGGGGG https://t.co/fgUTjH75nO,"screwston, tx",[]
3351879074,2018-10-14 01:18:36,i swear to god if yandhi aint on the same level of yeezus ima break my own skull,"santa ana, ca",[]
4064297117,2018-10-14 01:17:40,@yellowredsparks @russw7 @realDonaldTrump And you won't hear a word from him for 2 months until/if he releases Yand‚Ä¶ https://t.co/JuYk6RHAdg,"Tacoma, WA",[]
1888280456,2018-10-14 01:15:00,I liked a @YouTube video https://t.co/dDB6wAVhPh Kanye West &amp; Tyga - Ye Only [YANDHI] *RAW SNIPPET*,"Hamilton, Ontario",[]
39794101,2018-10-14 01:12:39,@kanyewest Damn we're never getting Yandhi are we? Stay strong bro. We need that album. I need that album. Go to Africa. Finish it. Now,"Indianapolis, IN",[]
3157125579,2018-10-14 01:12:07,"Kanye West rocks out to a local music in Uganda... where he's set to record his Yandhi album: The rapper, 41, is in‚Ä¶ https://t.co/XrClrY7D4U",,[]
582723109,2018-10-14 01:12:06,Kanye West rocks out to a local music in Uganda... where he's set to record his Yandhi album https://t.co/dmUFXT23Pw,UK,[]
793735926,2018-10-14 01:04:59,Kanye West rocks out to a local music in Uganda‚Ä¶ where he‚Äôs set to record his Yandhi¬†album https://t.co/umXn08OqYk https://t.co/RZCJPjXVVX,india,[]
3018193958,2018-10-14 01:01:02,@Blachaz3 @blueetoo11 Yandhi bouta be fire af !!üò≠,,[]
1960878613,2018-10-14 00:55:04,Kanye West shows off his cringeworthy dance moves in Africa https://t.co/h1Xqa9wyDs,Sydney,[]
111556701,2018-10-14 00:54:25,Kanye West shows off his cringeworthy dance moves in Africa https://t.co/aZJpEHfxgn,,[]
1931595811,2018-10-14 00:54:25,Kanye West rocks out to a local music in Uganda‚Ä¶ where he‚Äôs set to record his Yandhi¬†album https://t.co/8Oh4srP39M https://t.co/vMOtmNd22o,,[]
2321433594,2018-10-14 00:54:22,Kanye West rocks out to a local music in Uganda‚Ä¶ where he‚Äôs set to record his Yandhi¬†album https://t.co/PcYxpAJu7T https://t.co/xppQHNftis,,[]
1931957833,2018-10-14 00:54:19,Kanye West rocks out to a local music in Uganda‚Ä¶ where he‚Äôs set to record his Yandhi¬†album https://t.co/hRrIVjAQYZ https://t.co/L2e1b8bzXj,,[]
997772880,2018-10-14 00:54:15,Kanye West rocks out to a local music in Uganda‚Ä¶ where he‚Äôs set to record his Yandhi¬†album https://t.co/DoklfMuZwr https://t.co/RCqwR7sOAP,,[]
715733818670391297,2018-10-14 00:45:38,when all of a sudden ur trump supporter brother whos never finished a kanye album is hype for yandhi,"Chicago, IL",[]
92747035,2018-10-14 00:45:08,"Ye you always on some next shit. Tranna control minds now, that‚Äôs what you doing too. #cantwait #Yandhi https://t.co/cRWik66yIj",,"[{'text': 'cantwait', 'indices': [86, 95]}, {'text': 'Yandhi', 'indices': [96, 103]}]"
990268259684536323,2018-10-14 00:44:54,ON OUR NEXT EPISODE - YANDHI (tbd),"Minnesota, USA",[]
1240452462,2018-10-14 00:44:52,"Kanye West rocks out to a local music in Uganda... where he's set to record his Yandhi album
       
The rapper, 41‚Ä¶ https://t.co/3bYhBMars5",,[]
725318318,2018-10-14 00:44:20,"Kanye West rocks out to a local music in Uganda... where he's set to record his Yandhi album
       
https://t.co/oYa3v6xhKS",Around the World,[]
1452567518,2018-10-14 00:43:13,Kanye West rocks out to a local music in Uganda... where he's set to record his Yandhi album,,[]
1027399723915923462,2018-10-14 00:42:04,@MattFnBoSs @kanyewest is that Yandhi in the beginning? üòÇ,United States,[]
2882319743,2018-10-14 00:42:03,Kanye West rocks out to a local music in Uganda‚Ä¶ where he‚Äôs set to record his Yandhi¬†album https://t.co/VQKOD5df2h https://t.co/Q0kSZ3VWnk,"Diyarbakƒ±r, T√ºrkiye",[]
825852094569672704,2018-10-14 00:37:48,"@kanyewest please drop yandhi on monday, it would make my birthday very special","Orlando, FL",[]
1021713519128047617,2018-10-14 00:37:02,#KanyeWest rocks out to a local music in Uganda... where he's set to record his Yandhi album https://t.co/RjXrgu6pFj https://t.co/6MX5Wv3E7k,United States,"[{'text': 'KanyeWest', 'indices': [0, 10]}]"
427759673,2018-10-14 00:35:04,Kanye West rocks out in tent in Uganda where he's set to record Yandhi https://t.co/zVjp1Byp7z via @DailyMailCeleb,NIGERIA,[]
487056486,2018-10-14 00:33:25,his ass better not be on yandhi https://t.co/L3F9JwGCjp,"Florida, USA",[]
1009667385622753280,2018-10-14 00:25:33,@traptomcruise22 Radio stations aren‚Äôt going to play Yandhi because the radio programmed and they don‚Äôt support Kanye and his antics,"New York, NY",[]
230755721,2018-10-14 00:18:28,@kanyewest Yandhi gonna have me like https://t.co/pLvlcD3UzW,Chicago ‚úà LA ‚úà NYC,[]
364579436,2018-10-14 00:12:04,I added a video to a @YouTube playlist https://t.co/68yreH1Akz Kanye West &amp; Tyga - Ye Only [YANDHI] *RAW SNIPPET*,Lethbridge Alberta Canada,[]
364579436,2018-10-14 00:11:42,I liked a @YouTube video https://t.co/68yreH1Akz Kanye West &amp; Tyga - Ye Only [YANDHI] *RAW SNIPPET*,Lethbridge Alberta Canada,[]
1012891834136195077,2018-10-14 00:10:51,@traptomcruise22 I hope it will be Amazing especially since it's Late but we just gotta Breathe In and Breathe Out‚Ä¶ https://t.co/iiFqRjh3dN,4th Dimension,[]
894914334,2018-10-14 00:09:55,Yandhi album of the year https://t.co/wlbz9DXiIn,South Africa,[]
932843565499256833,2018-10-14 00:08:19,"@KanyeSource You like yeezus ? .. I‚Äôm hoping yandhi is more like college dropout, watch the throne, graduation and cruel summer",,[]
1002030678828044289,2018-10-14 00:06:07,if yandhi ends up being the best Kanye album i will shut the fuck up forever,"Minneapolis, MN",[]
1701946597,2018-10-13 23:58:23,@floatingjd @kanyewest https://t.co/X4ullF5eJp,"New York, USA",[]
922904212970799104,2018-10-13 23:58:20,"MBDTF: the Carribbean
Yeezus: Paris/fashion shows
ye: Wyoming estate
YANDHI: Ugandan dome

Ye channels the recordin‚Ä¶ https://t.co/1XpPdvFEVU",Respecting Women,[]
1012891834136195077,2018-10-13 23:55:01,@traptomcruise22 It will never be good enough for the purists who swear his last good album was Graduation HOWEVER‚Ä¶ https://t.co/whXS8BmNzl,4th Dimension,[]
104048380,2018-10-13 23:52:08,getting told ‚ÄúYandhi 9/29‚Äù but its mid october with no yeezy https://t.co/DqSYfCS6rj,the m√∂therland,[]
2162633656,2018-10-13 23:52:00,@traptomcruise22 That Periscope renewed my faith in Yandhi,"Pawnee, IN",[]
984147709371219969,2018-10-13 23:51:43,@KanyePodcast What if Ye pulls a Lil Wayne and doesn‚Äôt drop Yandhi until he gets his publishing?!,"Detroit, MI",[]
1009434817870598145,2018-10-13 23:51:13,Guys I hope y‚Äôall know that there is a 0% chance that Yandhi won‚Äôt be a classic,,[]
349840145,2018-10-13 23:50:28,YANDHI MODE üíú‚õ∞,Moon,[]
1037541976164454400,2018-10-13 23:50:16,YANDHI will be incredible,"Chicago, IL",[]
3153354756,2018-10-13 23:47:15,sors un lourd yandhi slmt tt sera oubli√©,Abidjan,[]
518528218,2018-10-13 23:47:07,@kanyewest welcome to Africa ' hope ya get the mood here in Uganda to create the Yandhi album.,Studio,[]
397467974,2018-10-13 23:45:08,Yandhi about to be the greatest album ever dropped on periscope @KanyePodcast,864 and hopefully 843,[]
918342682010882048,2018-10-13 23:45:05,Still gon listen to YANDHI lol.. https://t.co/tGk29lyatt,"Hammond, IN",[]
335156753,2018-10-13 23:44:49,@tiffanialyssa @kanyewest Those vibes better be on Yandhi üòÖü§òüèΩ,Party in Heaven,[]
2557200492,2018-10-13 23:43:18,Kanye just said his music is the best on the planet and said it with his chest. YANDHI MODE ‚õ∞üíú,,[]
2162633656,2018-10-13 23:43:07,@traptomcruise22 YANDHI SEASON APPROACHING FUCK WHATEVER YALL BEEN HEARING,"Pawnee, IN",[]
1037541976164454400,2018-10-13 23:42:21,the music is the best on the planet üåç #YANDHI,"Chicago, IL","[{'text': 'YANDHI', 'indices': [38, 45]}]"
1024100736567844867,2018-10-13 23:41:38,"For all the bullshit Kanye been doing to sell this Yandhi album needa be better than late registration, college dro‚Ä¶ https://t.co/1ffPFliK9R","Cincinnati, OH",[]
760300199902220288,2018-10-13 23:41:35,"you niggas talk allat shit right now,,, but @ da end of da day * when yandhi drop where will dis energy b ‚Äú?‚Äù https://t.co/kClDaIaiq7",la,[]
411516673,2018-10-13 23:40:41,Yandhi afrobeat edition üòÇ,,[]
76692049,2018-10-13 23:31:41,Ayo So kanye went to the white house with the maga hat on then flew to Africa to finish up #YANDHI,"Seattle, WA","[{'text': 'YANDHI', 'indices': [91, 98]}]"
917256406658625537,2018-10-13 23:30:58,What if YANDHI is just a joke at the visual of Liam telling Noel his masturbation form is shite.,,[]
70288783,2018-10-13 23:30:57,@kanyewest I hope Yandhi doesn‚Äôt get delayed,ohio,[]
910264824847831040,2018-10-13 23:30:36,"@kanyewest Ye, Reverend Ike vibes for #Yandhi
Also got some more ideas man, let‚Äôs work.",Vortex,"[{'text': 'Yandhi', 'indices': [38, 45]}]"
821939903311200256,2018-10-13 23:30:14,"@kanyewest deactivate and keep working on yandhi, kthnx",San Francisco,[]
3247100168,2018-10-13 23:29:40,@kanyewest THIS IS MY FAVORITE SONG FROM YANDHI,Podcast link is below!,[]
758100662,2018-10-13 23:29:25,Kanye West &amp; Tyga - Ye Only [YANDHI] *RAW SNIPPET* https://t.co/PA2w42tL0f via @YouTube,Chicago,[]
907938603539591169,2018-10-13 23:29:05,@kanyewest Nigga drop Yandhi !!!!,"Los Angeles, CA",[]
